Ref,SEQ,Common name,Scientific name,z1,z2,z3,z4,z5,z6,QDGCs,,,,, 
1016,,Mallard Duck,Anas platyrhynchos,1.7,3.9,7.3,25.7,30.2,31.3,179,,,,,
940,323,Rock Dove,Columba livia,10.8,14.2,21.1,21.4,16.5,16,1062,,,,,
874,1050,Golden-breasted Bunting,Emberiza flaviventris,15.3,12.5,21.3,19.5,15.6,15.8,799,,,,,
873,,Cape Bunting,Emberiza capensis,14.1,15,23.2,20.9,15.8,11,935,,,,,
872,1047,Cinnamon-breasted Bunting,Emberiza tahapisi,10.2,13.8,21.5,22.4,18.9,13.2,918,,,,,
871,,Lark-like Bunting,Emberiza impetuani,5.6,14.7,23.9,24.5,18.8,12.5,702,,,,,
869,,Protea Seedeater,Crithagra leucopterus,16.7,24,31.3,16.7,8.3,3.1,96,,,,,
867,1061,Streaky-headed Seedeater,Crithagra gularis,9.8,11.1,16.8,20.2,15.5,26.5,885,,,,,
866,,Yellow Canary,Crithagra flaviventris,8.5,11.4,19.9,20.1,18.3,21.8,1015,,,,,
865,,White-throated Canary,Crithagra albogularis,9.9,14.3,28.8,19.3,15.5,12.3,659,,,,,
863,1059,Brimstone Canary,Crithagra sulphuratus,11.7,10.7,20.2,19.6,17.2,20.6,495,,,,,
861,,Black-headed Canary,Serinus alario,12.8,20.5,30.2,20.3,10.8,5.4,444,,,,,
860,,Black-throated Canary,Crithagra atrogularis,8.4,10,15.5,19.6,22,24.5,892,,,,,
859,1056,Yellow-fronted Canary,Crithagra mozambicus,11.4,10.6,15.1,20.4,17.5,25,716,,,,,
858,,Forest Canary,Crithagra scotops,15.7,14.1,25.6,20.7,10.3,13.6,242,,,,,
857,,Cape Canary,Serinus canicollis,17.9,15.1,19.5,18.9,13.6,14.9,825,,,,,
855,,Cape Siskin,Crithagra totta,16.1,20.1,24.8,18.1,10.7,10.1,149,,,,,
854,989,Cuckoo Finch,Anomalospiza imberbis,1.3,12.5,33.1,26.3,20.6,6.3,160,,,,,
852,1010,Long-tailed Paradise-Whydah,Vidua paradisaea,22.8,17.2,25,18.5,9.8,6.7,448,,,,,
851,1019,Village Indigobird,Vidua chalybeata,6.3,15.5,21.5,21,22.6,13.1,381,,,,,
850,1020,Purple Indigobird,Vidua purpurascens,1.5,10.1,11.6,24.8,34.9,17,129,,,,,
849,,Dusky Indigobird,Vidua funerea,13.2,19.8,29.8,19.1,11.9,6.2,439,,,,,
847,,Shaft-tailed Whydah,Vidua regia,12.1,15.2,27.3,22,15.8,7.6,381,,,,,
846,1032,Pin-tailed Whydah,Vidua macroura,13.7,14.1,21.9,23.4,14.5,12.3,1226,,,,,
844,1040,African Quailfinch,Ortygospiza atricollis,13,13.4,21.7,18.7,17,16.2,934,,,,,
843,1029,Common Waxbill,Estrilda astrild,12.4,11.7,18.8,17.8,16.3,23.1,1285,,,,,
841,1035,Black-faced Waxbill,Estrilda erythronotos,10.4,12.3,23,19.5,19.8,15,374,,,,,
840,,Violet-eared Waxbill,Granatina granatina,11.4,19,22.8,19.4,14.4,13,422,,,,,
839,,Blue Waxbill,Uraeginthus angolensis,15.4,16.4,19.3,20.1,13,15.9,592,,,,,
838,1039,Orange-breasted Waxbill,Amandava subflava,21.1,23.8,29,15.1,6.7,4.3,445,,,,,
837,1018,Red-billed Firefinch,Lagonosticta senegala,11.1,14.1,20.5,21.7,17.7,14.9,623,,,,,
835,1021,Jameson's Firefinch,Lagonosticta rhodopareia,9.5,12.4,17.1,25.4,20.6,14.9,315,,,,,
833,1022,African Firefinch,Lagonosticta rubricata,13.7,11.3,23.2,20.4,14.6,16.8,548,,,,,
830,1008,Green-winged Pytilia,Pytilia melba,14.2,16,19.6,20.6,17.6,12.2,501,,,,,
827,1014,Green Twinspot,Mandingoa nitidula,7.3,16.4,22.7,19.1,19.1,15.4,110,,,,,
825,,Swee Waxbill,Coccopygia melanotis,13.3,22.2,26.8,16.7,11,10.1,437,,,,,
824,1042,Red-backed Mannikin,Spermestes bicolor,14.1,20.3,23.4,14.1,10.9,17.2,128,,,,,
823,1041,Bronze Mannikin,Spermestes cucullatus,24.6,16.4,20.5,14.4,11.2,12.9,464,,,,,
821,1046,Cut-throat Finch,Amadina fasciata,19.6,18.7,19.1,18.2,15.3,9.1,209,,,,,
820,,Red-headed Finch,Amadina erythrocephala,24.3,17.1,25.1,18,9.3,6.3,778,,,,,
818,982,Long-tailed Widowbird,Euplectes progne,13.1,14.3,21.4,18.6,17,15.6,700,,,,,
816,984,Fan-tailed Widowbird,Euplectes axillaris,6,6.9,21.3,17.9,14.1,33.8,403,,,,,
814,979,White-winged Widowbird,Euplectes albonotatus,11,10.3,20.4,17.5,18.8,22.1,565,,,,,
813,981,Red-collared Widowbird,Euplectes ardens,10.2,11.8,21.8,24.9,12.8,18.6,570,,,,,
812,976,Yellow-crowned Bishop,Euplectes afer,8,15.9,27.9,21.7,14.6,11.8,659,,,,,
810,978,Yellow Bishop,Euplectes capensis,16.9,17.3,23.3,17.9,14,10.6,463,,,,,
808,971,Southern Red Bishop,Euplectes orix,8.9,11.1,16.5,19.8,16.7,26.9,1296,,,,,
806,987,Red-headed Quelea,Quelea erythrops,1.9,11.1,7.4,29.6,22.2,27.8,54,,,,,
805,986,Red-billed Quelea,Quelea quelea,2.6,3.7,12.3,18.7,23.4,39.3,1135,,,,,
804,970,Thick-billed Weaver,Amblyospiza albifrons,5.3,4.8,15.9,19.6,18.8,35.7,378,,,,,
803,,Southern Masked-Weaver,Ploceus velatus,5.2,6.5,13.5,19.8,22.5,32.5,1381,,,,,
801,947,Golden Weaver,Ploceus xanthops,5.2,14.8,23.5,18.3,15.6,22.6,115,,,,,
800,946,Yellow Weaver,Ploceus subaureus,12.1,6.4,15.3,21,11.3,33.9,124,,,,,
799,,Cape Weaver,Ploceus capensis,14.1,12.1,23.2,19.9,14.7,16.1,932,,,,,
797,940,Village Weaver,Ploceus cucullatus,9.4,7.2,14.4,18.5,16.8,33.8,542,,,,,
793,969,Red-headed Weaver,Anaplectes rubriceps,13.2,13.7,22,23.6,13.7,13.7,182,,,,,
792,953,Lesser Masked-Weaver,Ploceus intermedius,5.4,14.9,12.6,26.4,21.8,18.8,261,,,,,
791,962,Spectacled Weaver,Ploceus ocularis,7,9.1,14.7,18,17.1,34.1,416,,,,,
790,967,Dark-backed Weaver,Ploceus bicolor,17.9,11.3,20.2,15.5,13.7,21.4,168,,,,,
789,,Scaly-feathered Finch,Sporopipes squamifrons,11.8,9.3,19.8,19.6,15.1,24.5,551,,,,,
788,0,Yellow-throated Petronia,Petronia superciliaris,11.9,15.1,22.3,18.4,17.9,14.4,564,,,,,
786,,Cape Sparrow,Passer melanurus,15.4,13.4,18.2,21.9,16.1,15,1349,,,,,
785,,Great Sparrow,Passer motitensis,12.5,19.4,27.8,20.8,12.5,6.9,216,,,,,
784,992,House Sparrow,Passer domesticus,27.1,14.6,19.1,16.9,9.9,12.3,1420,,,,,
783,,Sociable Weaver,Philetairus socius,7.3,14.1,22,24.9,19.8,11.9,177,,,,,
780,997,White-browed Sparrow-Weaver,Plocepasser mahali,10.7,10.5,15.7,18.8,17,27.3,675,,,,,
779,1003,Red-billed Buffalo-Weaver,Bubalornis niger,19,17.9,20,14.7,19,9.5,190,,,,,
774,930,Scarlet-chested Sunbird,Chalcomitra senegalensis,18.5,14,25,16,10.5,16,200,,,,,
772,932,Amethyst Sunbird,Chalcomitra amethystina,13.6,8.7,18.8,20.9,15.9,22.1,750,,,,,
771,902,Collared Sunbird,Hedydipna collaris,12.1,11.4,20,14.1,17.2,25.2,290,,,,,
766,929,Olive Sunbird,Cyanomitra olivacea,7.1,7.9,18.1,17.3,16.5,33.1,127,,,,,
765,936,Grey Sunbird,Cyanomitra veroxii,8,8.6,16.7,16,16,34.6,162,,,,,
764,,Dusky Sunbird,Cinnyris fuscus,6.3,16,21.4,24.4,18.1,13.9,426,,,,,
763,,White-bellied Sunbird,Cinnyris talatala,11.6,9.6,17.9,18.7,17.4,24.7,603,,,,,
760,,Southern Double-collared Sunbir,Cinnyris chalybeus,13.8,15.4,21.2,19,17.4,13.1,631,,,,,
758,,Greater Double-collared Sunbird,Cinnyris afer,14.5,12.8,19.4,19,15.8,18.5,525,,,,,
756,913,Purple-banded Sunbird,Cinnyris bifasciatus,0,2.7,8.1,21.6,24.3,43.2,74,,,,,
755,916,Marico Sunbird,Cinnyris mariquensis,12.9,16.9,19.5,18.9,17.8,14,349,,,,,
753,,Orange-breasted Sunbird,Anthobaphes violacea,26.3,15,21.3,13.8,15.6,8.1,160,,,,,
751,927,Malachite Sunbird,Nectarinia famosa,19.4,15.4,23.9,19.6,13.7,8.1,878,,,,,
750,,Gurney's Sugarbird,Promerops gurneyi,17,22,34,13,7,7,100,,,,,
749,,Cape Sugarbird,Promerops cafer,19.1,18.5,24.2,15.2,9,14,178,,,,,
748,901,Red-billed Oxpecker,Buphagus erythrorhynchus,4.8,4.1,7.9,18.4,25.6,39.2,316,,,,,
746,,Pied Starling,Spreo bicolor,27,20.2,22.3,13.3,10.1,7,995,,,,,
745,885,Red-winged Starling,Onychognathus morio,23.8,13.9,20.8,17.9,11,12.6,1036,,,,,
744,,Pale-winged Starling,Onychognathus nabouroup,18.6,22.6,29.1,17.1,9.7,2.9,381,,,,,
743,,Burchell's Starling,Lamprotornis australis,21.9,15,23.8,16.9,11.9,10.6,160,,,,,
740,877,Black-bellied Starling,Lamprotornis corruscus,4.9,8.6,16.2,20,16.8,33.5,185,,,,,
738,879,Greater Blue-eared Starling,Lamprotornis chalybaeus,26.4,15.1,24.5,16,8.5,9.4,106,,,,,
737,,Cape Glossy Starling,Lamprotornis nitens,11.2,10.2,19.3,19.6,15.8,23.9,1121,,,,,
736,896,Violet-backed Starling,Cinnyricinclus leucogaster,8.2,14.4,23.2,21.9,20.5,11.9,453,,,,,
735,899,Wattled Starling,Creatophora cinerea,14.9,18.7,26.1,18.4,13.3,8.7,1082,,,,,
734,,Common Myna,Acridotheres tristis,8,2.4,3.9,9.1,19.6,57,663,,,,,
733,,Common Starling,Sturnus vulgaris,13.6,12.4,16.4,17.4,16,24.3,581,,,,,
731,835,Brubru,Nilaus afer,9.1,10.2,22.5,21.2,18.7,18.2,636,,,,,
730,,Southern White-crowned Shrike,Eurocephalus anguitimens,17.4,21.6,26.3,19,11.6,4.2,190,,,,,
728,872,Retz's Helmet-Shrike,Prionops retzii,16.9,15.7,20.5,22.9,13.3,10.8,83,,,,,
727,870,White-crested Helmet-Shrike,Prionops plumatus,31,20.1,25.1,14.1,8.1,1.6,319,,,,,
725,633,Eastern Nicator,Nicator gularis,3.6,8.4,8.4,18.1,26.5,34.9,83,,,,,
724,869,Magpie Shrike,Corvinella melanoleuca,16.1,14.2,23.8,17.6,14.9,13.4,261,,,,,
723,854,Grey-headed Bush-Shrike,Malaconotus blanchoti,11.8,11.8,20.8,19.2,18.3,18.1,442,,,,,
722,,Bokmakierie,Telophorus zeylonus,16,11.7,17.8,20.4,15.5,18.6,1202,,,,,
721,855,Gorgeous Bush-Shrike,Telophorus quadricolor,14.1,14.1,20.1,16.9,15.2,19.6,184,,,,,
719,852,Orange-breasted Bush-Shrike,Telophorus sulfureopectus,7.7,7.9,16,20.5,18.3,29.6,443,,,,,
717,,Olive Bush-Shrike,Telophorus olivaceus,6.2,10.3,17.6,19.4,18.8,27.9,341,,,,,
715,842,Black-crowned Tchagra,Tchagra senegalus,15.2,14.6,20.8,15.6,15.6,18.3,520,,,,,
714,840,Brown-crowned Tchagra,Tchagra australis,9.9,9.9,20.2,21.8,17.2,21.1,588,,,,,
713,,Southern Tchagra,Tchagra tchagra,12.9,12,24.6,19.6,15.8,15.2,342,,,,,
712,836,Black-backed Puffback,Dryoscopus cubla,15.6,10.6,19.7,18.8,15.7,19.7,585,,,,,
711,,Crimson-breasted Shrike,Laniarius atrococcineus,7.1,10.9,23.8,22.1,16.5,19.5,411,,,,,
709,,Southern Boubou,Laniarius ferrugineus,10.7,7.8,16.2,19,15.9,30.4,825,,,,,
708,857,Red-backed Shrike,Lanius collurio,3.6,13.7,24.4,23.3,19.4,15.6,922,,,,,
707,864,Common Fiscal,Lanius collaris,20.2,13.6,21.4,21.1,13.8,10,1414,,,,,
706,863,Lesser Grey Shrike,Lanius minor,4.6,14,24.1,25.5,18.8,12.9,627,,,,,
704,825,Yellow-throated Longclaw,Macronyx croceus,20.6,12.6,19.2,13.6,15.9,18.2,214,,,,,
703,,Cape Longclaw,Macronyx capensis,12.8,10.5,15.7,19.1,16.1,25.7,921,,,,,
701,,Yellow-breasted Pipit,Anthus chloris,3.5,15.5,37.9,13.8,17.2,12.1,58,,,,,
699,821,Bushveld Pipit,Anthus caffer,16.8,17.8,31.4,17.8,10.5,5.8,191,,,,,
697,,African Rock Pipit,Anthus crenatus,6,10.9,27.9,23.7,18.7,12.7,283,,,,,
696,820,Striped Pipit,Anthus lineiventris,11.8,14.1,23.6,22,16.7,11.8,263,,,,,
695,,Buffy Pipit,Anthus vaalensis,3.5,13.3,28.8,26.6,20.3,7.5,518,,,,,
694,818,Plain-backed Pipit,Anthus leucophrys,6.5,10.8,23.3,23.1,19.3,17.1,772,,,,,
693,819,Long-billed Pipit,Anthus similis,6.9,11.1,25,21.8,19.5,15.7,827,,,,,
692,814,African Pipit,Anthus cinnamomeus,7.1,8.6,16.7,19,17.9,30.7,1400,,,,,
689,830,Yellow Wagtail,Motacilla flava,8,22.7,28,20,16,5.3,75,,,,,
688,833,Mountain Wagtail,Motacilla clara,12.6,25.2,30.4,17.3,7.9,6.5,214,,,,,
686,829,Cape Wagtail,Motacilla capensis,14.8,13.7,19.4,20.7,13.4,18,1362,,,,,
685,831,African Pied Wagtail,Motacilla aguimp,18.7,17.8,26.3,12.7,12.5,12,551,,,,,
682,812,African Paradise-Flycatcher,Terpsiphone viridis,12.6,13.2,25.2,19.5,16.6,12.9,914,,,,,
680,811,Blue-mantled Crested-Flycatcher,Trochocercus cyanomelas,12.3,12.3,25.5,14.5,20,15.3,235,,,,,
678,,Fairy Flycatcher,Stenostira scita,14.1,18.1,30.4,18.6,11.3,7.5,829,,,,,
674,,Pririt Batis,Batis pririt,6.6,13.8,21.4,24.9,19.7,13.6,543,,,,,
673,799,Chinspot Batis,Batis molitor,12.8,9.9,18,17.6,18.6,23.1,585,,,,,
672,,Cape Batis,Batis capensis,11.5,12.2,21,21.2,16.3,17.8,523,,,,,
671,710,Yellow-throated Woodland-Warbler,Phylloscopus ruficapilla,9.8,15.5,30,15,14,15.5,193,,,,,
666,702,Dark-capped Yellow Warbler,Chloropeta natalensis,2.5,11.8,20.4,15.5,22.5,27.4,245,,,,,
665,,Fiscal Flycatcher,Sigelus silens,11.1,13.2,20.4,20.8,15,19.5,1238,,,,,
664,788,Southern Black Flycatcher,Melaenornis pammelaina,10.4,13,19.7,17.4,14.7,24.8,483,,,,,
663,,Chat Flycatcher,Bradornis infuscatus,14.1,21.3,27.3,19.7,10.4,7.3,483,,,,,
662,792,Pale Flycatcher,Bradornis pallidus,14.7,18.1,23.5,23.1,13.9,6.7,238,,,,,
661,,Marico Flycatcher,Bradornis mariquensis,5.9,12,23.8,23.8,19,15.5,374,,,,,
659,,Layard's Tit-Babbler,Parisoma layardi,6.3,13,25.1,27.8,16.9,10.9,431,,,,,
658,,Chestnut-vented Tit-Babbler,Parisoma subcaeruleum,7,8.6,20.3,21.7,19.6,22.9,1037,,,,,
657,787,Grey Tit-Flycatcher,Myioparus plumbeus,6.9,8.8,25.5,20.4,21.8,16.7,216,,,,,
656,785,Ashy Flycatcher,Muscicapa caerulescens,14.9,11.8,21,20.5,19.6,12.2,229,,,,,
655,782,African Dusky Flycatcher,Muscicapa adusta,13.9,15.3,22.5,20.5,13.1,14.7,511,,,,,
654,780,Spotted Flycatcher,Muscicapa striata,4.1,11.7,24.3,25.1,18.2,16.7,1060,,,,,
653,,Namaqua Warbler,Phragmacia substriata,15.3,12.5,26.3,22.6,15.6,7.7,327,,,,,
650,,Black-chested Prinia,Prinia flavicans,5.8,7.4,15.5,22.4,18.6,30.4,705,,,,,
649,743,Tawny-flanked Prinia,Prinia subflava,6,5.5,13.9,15.1,16.6,43,604,,,,,
648,,Lazy Cisticola,Cisticola aberrans,9.9,11.2,19.9,15.7,17.4,25.9,483,,,,,
647,721,Croaking Cisticola,Cisticola natalensis,6.4,10.8,15.5,15.5,21.1,30.7,251,,,,,
646,742,Levaillant's Cisticola,Cisticola tinniens,9.2,9.6,18.7,18.1,14.9,29.6,1113,,,,,
644,736,Red-faced Cisticola,Cisticola erythrops,8,12.8,23,13.9,13.4,28.9,187,,,,,
642,727,Rattling Cisticola,Cisticola chiniana,6.4,8.3,10.2,18.3,19.5,37.4,519,,,,,
641,,Tinkling Cisticola,Cisticola rufilatus,1.6,11.3,24.2,32.3,21,9.7,62,,,,,
639,724,Wailing Cisticola,Cisticola lais,7.7,13.4,21.8,17.9,20.6,18.6,441,,,,,
638,,Grey-backed Cisticola,Cisticola subruficapilla,4.3,7.1,14.1,21.9,22.4,30.2,580,,,,,
637,,Neddicky Neddicky,Cisticola fulvicapilla,7.3,7.8,13.4,18.8,17.7,35,1227,,,,,
635,,Pale-crowned Cisticola,Cisticola cinnamomeus,3,7.2,18,20.4,24,27.5,167,,,,,
634,717,Wing-snapping Cisticola,Cisticola ayresii,5.5,10.1,21.1,18.4,16.9,28.1,474,,,,,
631,,Cloud Cisticola,Cisticola textrix,2.8,11.5,19.9,19.4,16.7,29.7,687,,,,,
630,720,Desert Cisticola,Cisticola aridulus,5.3,9.7,19.6,19,22.5,23.8,730,,,,,
629,719,Zitting Cisticola,Cisticola juncidis,6.6,10.9,15.6,18.5,17.3,31.1,1203,,,,,
627,760,Green-backed Camaroptera,Camaroptera brachyura,15.5,13.1,16.1,14.7,11.6,29.1,498,,,,,
626,,Karoo Eremomela,Eremomela gregalis,7.9,18.8,27.3,23,15.1,7.9,165,,,,,
625,750,Yellow-breasted Apalis,Apalis flavida,8,8.6,19.1,14,20.1,30.3,314,,,,,
622,753,Bar-throated Apalis,Apalis thoracica,7.2,7.8,15.8,19.2,19.2,30.8,792,,,,,
621,,Long-billed Crombec,Sylvietta rufescens,8.9,12.8,21.3,20.1,18.5,18.5,1176,,,,,
619,,Rufous-eared Warbler,Malcorus pectoralis,5.8,13.9,20.6,19.5,20.8,19.4,568,,,,,
618,,Cape Grassbird,Sphenoeacus afer,10.8,8.1,19.2,19.8,16.1,26,582,,,,,
616,686,Broad-tailed Warbler,Schoenicola brevirostris,4.6,12.3,30,17.7,26.9,8.5,130,,,,,
615,,Stierling's Wren-Warbler,Calamonastes stierlingi,16.9,9.9,12.7,18.3,22.5,19.7,71,,,,,
614,,Barred Wren-Warbler,Calamonastes fasciolatus,10.4,13.4,20.9,21.4,17.9,15.9,201,,,,,
613,,Cinnamon-breasted Warbler,Euryptila subcinnamomea,4.4,22.1,33.8,20.6,13.2,5.9,68,,,,,
612,,Victorin's Warbler,Cryptillas victorini,14.3,11.9,14.3,23.8,17.9,17.9,84,,,,,
611,,Knysna Warbler,Bradypterus sylvaticus,5.2,8.6,32.8,15.5,8.6,29.3,58,,,,,
610,,Barratt's Warbler,Bradypterus barratti,6.3,15.2,24,20.9,17.7,15.8,158,,,,,
609,682,Little Rush-Warbler,Bradypterus baboecala,8.6,9.6,20.4,18.1,16.5,26.8,686,,,,,
608,690,Sedge Warbler,Acrocephalus schoenobaenus,17.6,22.5,34.1,13.2,10.4,2.2,182,,,,,
607,693,Marsh Warbler,Acrocephalus palustris,3.2,9.1,21,19,26.3,21.4,342,,,,,
606,691,African Reed-Warbler,Acrocephalus baeticatus,6.3,10.6,23.5,23.6,20.4,15.7,848,,,,,
604,696,Lesser Swamp-Warbler,Acrocephalus gracilirostris,10.4,11.4,21.8,18,15.7,22.6,1014,,,,,
603,694,Great Reed-Warbler,Acrocephalus arundinaceus,4.6,13.5,30,25.7,19.3,7,327,,,,,
602,766,Green-capped Eremomela,Eremomela scotops,12.7,14.1,32.4,18.3,16.9,5.6,71,,,,,
601,,Burnt-necked Eremomela,Eremomela usticollis,2.8,7.4,18.1,25.5,27.8,18.5,216,,,,,
600,764,Yellow-bellied Eremomela,Eremomela icteropygialis,8.1,16,24.7,21.4,17.2,12.6,831,,,,,
599,715,Willow Warbler,Phylloscopus trochilus,7.3,13.8,25.6,20.9,18,14.4,980,,,,,
597,700,Olive-tree Warbler,Hippolais olivetorum,1.4,11,13.7,28.8,34.3,11,73,,,,,
596,701,Icterine Warbler,Hippolais icterina,6.9,19.8,35.1,21.5,12.1,4.5,288,,,,,
595,707,Garden Warbler,Sylvia borin,9.6,20.1,27.6,25.1,14.2,3.3,239,,,,,
594,706,Common Whitethroat,Sylvia communis,6.9,14.7,33.3,30.4,11.8,2.9,102,,,,,
589,662,White-starred Robin,Pogonocichla stellata,7.3,19.3,29.3,18.7,15.3,10,150,,,,,
588,656,White-browed Scrub-Robin,Cercotrichas leucophrys,5.3,5.4,13.9,19.5,19.1,36.8,570,,,,,
586,,Kalahari Scrub-Robin,Cercotrichas paena,8.3,8.3,15.5,22.3,20.7,25,497,,,,,
585,659,Bearded Scrub-Robin,Cercotrichas quadrivirgata,7.5,4.3,18.3,11.8,28,30.1,93,,,,,
584,,Brown Scrub-Robin,Cercotrichas sig  ata,8.2,16.4,22.1,23,17.2,13.1,122,,,,,
583,,Karoo Scrub-Robin,Cercotrichas coryphoeus,7.4,12.1,21.4,21.1,19.7,18.4,679,,,,,
582,,White-throated Robin-Chat,Cossypha humeralis,14.9,13.3,24,19.6,16.3,11.9,362,,,,,
581,670,Cape Robin-Chat,Cossypha caffra,11.1,11.2,18.7,21.2,15.9,21.9,1217,,,,,
580,666,White-browed Robin-Chat,Cossypha heuglini,14.2,13.5,16.9,16.2,22.3,16.9,148,,,,,
579,669,Red-capped Robin-Chat,Cossypha natalensis,12.8,13.8,13.3,23.9,12.4,23.9,218,,,,,
578,,Chorister Robin-Chat,Cossypha dichroa,16.3,16.3,23.6,19.7,16.3,7.7,233,,,,,
576,634,African Stonechat,Saxicola torquat  s,11.8,13.1,18.9,18.5,14.2,23.5,1215,,,,,
575,653,Anteating Chat,Myrmecocichla formicivora,15.1,16.9,21.6,17.6,14.8,14.1,1103,,,,,
573,655,Mocking Cliff-Chat,Thamnolaea cinnamomeiventris,17.9,16.1,28,16.3,12.5,9.1,503,,,,,
572,,Sickle-winged Chat,Cercomela sinuata,10.3,13.8,29.5,25.1,15,6.3,494,,,,,
571,,Tractrac Chat,Cercomela tractrac,5.5,12.3,30.7,22.1,15.9,13.5,163,,,,,
570,648,Familiar Chat,Cercomela familiaris,10.4,11.9,21.4,22.4,17,16.9,1324,,,,,
569,,Buff-streaked Chat,Oenanthe bifasciata,14.6,14.2,27.5,16.3,12,15.4,233,,,,,
568,636,Capped Wheatear,Oenanthe pileata,6.2,14.2,22.1,24.1,17.5,15.9,755,,,,,
566,,Karoo Chat,Cercomela schlegelii,9.9,22.2,28.2,23.3,10.1,6.3,365,,,,,
564,,Mountain Wheatear,Oenanthe monticola,22.6,17.8,27.8,16.5,9.3,6,970,,,,,
561,,Short-toed Rock-Thrush,Monticola brevipes,5.7,16.7,26.8,19.3,22.4,9.2,228,,,,,
560,,Sentinel Rock-Thrush,Monticola explorator,11.4,24.5,36.2,18.5,6,3.4,298,,,,,
559,,Cape Rock-Thrush,Monticola rupestris,17.3,19.3,27.7,19.4,10.5,5.8,618,,,,,
557,,Groundscraper Thrush,Psophocichla litsipsirupa,23.3,16.6,20.5,15.4,10.8,13.4,566,,,,,
552,,Kurrichane Thrush,Turdus libonyanus,23.6,15,21.9,14.4,12.4,12.7,466,,,,,
551,619,Sombre Greenbul,Andropadus importunus,7.4,7.7,13.8,17.8,18,35.4,557,,,,,
550,621,Yellow-bellied Greenbul,Chlorocichla flaviventris,6.7,6.2,9.6,23.9,22.5,31.1,209,,,,,
546,627,Terrestrial Brownbul,Phyllastrephus terrestris,6.9,12.4,20.2,22.1,17.4,21,362,,,,,
545,609,Dark-capped Bulbul,Pycnonotus tricolor,11,7.1,15.3,23.4,19.2,24,672,,,,,
544,,African Red-eyed Bulbul,Pycnonotus nigricans,9,13.2,16.6,22.2,19.2,19.7,775,,,,,
543,,Cape Bulbul,Pycnonotus capensis,7.9,6.8,15.8,17.3,21.2,30.9,278,,,,,
542,,Bush Blackcap,Lioptilus nigricapillus,9.5,6.7,31.4,16.2,22.9,13.3,105,,,,,
540,,Cape Rock-jumper,Chaetops frenatus,22.9,20,28.6,11.4,8.6,8.6,70,,,,,
536,,Southern Pied Babbler,Turdoides bicolor,12.9,16.5,19.4,24.7,14.1,12.4,170,,,,,
533,601,Arrow-marked Babbler,Turdoides jardineii,12.7,12.4,20,14.3,20.8,19.8,379,,,,,
531,,Cape Penduline-Tit,Anthoscopus minutus,8.4,15.7,25.6,20.5,19.8,10.1,606,,,,,
530,586,Grey Penduline-Tit,Anthoscopus caroli,16.8,22,24.3,19.6,12.7,4.6,173,,,,,
527,,Southern Black Tit,Parus niger,18.6,10.9,19.3,18,16.9,16.2,549,,,,,
525,,Grey Tit,Parus afer,12.8,18.9,25.5,21.7,13.5,7.7,392,,,,,
524,578,White-necked Raven,Corvus albicollis,12.4,13.1,19.1,18.7,17.5,19.1,748,,,,,
523,580,Cape Crow,Corvus capensis,21.5,21.4,24.4,14.7,9,9,1027,,,,,
522,577,Pied Crow,Corvus albus,14.7,9.5,14.1,18.2,17.5,26,1341,,,,,
521,568,Black-headed Oriole,Oriolus larvatus,14.5,11.6,19.6,20,15.5,18.8,664,,,,,
519,573,Eurasian Golden Oriole,Oriolus oriolus,8.1,21.1,44,16.2,8.8,1.8,284,,,,,
518,567,Square-tailed Drongo,Dicrurus ludwigii,16.3,16.3,16.3,21.4,15.3,14.3,98,,,,,
517,566,Fork-tailed Drongo,Dicrurus adsimilis,14.5,14.9,20.9,18.9,14.1,16.7,1035,,,,,
516,607,Grey Cuckooshrike,Coracina caesia,14.4,19.7,27.4,14.9,13.9,9.6,208,,,,,
514,,Ashy Tit,Parus cinerascens,10.9,12.9,22.9,20.1,19.9,13.4,433,,,,,
513,604,Black Cuckooshrike,Campephaga flava,6,10.8,22.2,22,19.8,19.4,501,,,,,
511,564,Black Saw-wing,Psalidoprocne holomelaena,6.8,8.1,17.5,21.4,19.4,26.9,458,,,,,
510,548,Banded Martin,Riparia cincta,5.5,10.5,22.3,19.3,20.5,21.9,638,,,,,
509,549,Brown-throated Martin,Riparia paludicola,9.5,12.6,20,19.6,17.6,20.6,1228,,,,,
508,550,Sand Martin,Riparia riparia,6.2,23.7,36,16.6,14,3.6,308,,,,,
507,563,Common House-Martin,Delichon urbicum,5.1,14.6,29.9,22.7,19.6,8.1,841,,,,,
506,560,Rock Martin,Hirundo fuligula,14.8,12.9,20.5,20.5,15.8,15.4,1270,,,,,
504,0,South African Cliff-Swallow,Hirundo spilodera,9.6,11.2,26,19.5,14.7,19,573,,,,,
503,559,Lesser Striped Swallow,Hirundo abyssinica,11.7,11.8,21.9,20.2,16.8,17.6,643,,,,,
502,,Greater Striped Swallow,Hirundo cucullat,4.8,8.9,17.1,23.1,19.5,26.4,1300,,,,,
501,558,Red-breasted Swallow,Hirundo semirufa,15.2,18,24.9,17.5,14.1,10.3,639,,,,,
499,561,Grey-rumped Swallow,Pseudhirundo griseopyga,7.8,14.4,23.3,26.7,13.3,14.4,90,,,,,
498,,Pearl-breasted Swallow,Hirundo dimidiata,6.1,11.2,23.2,23.2,18.8,17.5,607,,,,,
496,552,Wire-tailed Swallow,Hirundo smithii,12.9,8.8,20.1,18.6,16,23.7,194,,,,,
495,,White-throated Swallow,Hirundo albigularis,7.7,12.3,20,21,17.5,21.5,1197,,,,,
493,553,Barn Swallow,Hirundo rustica,6.2,11.2,20.4,26,17.8,18.4,1425,,,,,
490,,Pink-billed Lark,Spizocorys conirostris,10.1,21,29.6,16.9,16.9,5.6,338,,,,,
488,540,Red-capped Lark,Calandrella cinerea,11.7,14.6,20.6,21,15.2,16.9,1120,,,,,
486,,Black-eared Sparrowlark,Eremopterix australis,5.1,19.7,26.3,25.5,19,4.4,137,,,,,
485,,Grey-backed Sparrowlark,Eremopterix verticalis,10.6,23.1,30.1,19.4,11.1,5.8,624,,,,,
484,547,Chestnut-backed Sparrowlark,Eremopterix leucotis,16.1,19.7,30.7,17,11,5.5,417,,,,,
474,537,Spike-heeled Lark,Chersomanes albofasciata,18.2,16.6,20.8,18.2,13.8,12.2,817,,,,,
468,529,Flappet Lark,Mirafra rufocinnamomea,17.7,23.1,19.7,25.9,8.2,5.4,147,,,,,
465,,Short-clawed Lark,Certhilauda chuana,3.5,14,31.6,17.5,17.5,15.8,57,,,,,
464,,Dusky Lark,Pinarocorys nigricans,4.2,19.4,18.1,36.1,19.4,2.8,72,,,,,
463,,Large-billed Lark,Galerida magnirostris,11.6,13.7,22.7,19.7,17.6,14.8,534,,,,,
461,,Karoo Lark,Calendulauda albescens,10,12.6,20.1,27.6,20.9,8.8,239,,,,,
460,,Sabota Lark,Calendulauda sabota,10.1,13.2,20.3,21,17.5,17.8,779,,,,,
459,526,Fawn-coloured Lark,Calendulauda africanoides,2.1,9.9,20.2,20.9,22.3,24.5,282,,,,,
458,531,Rufous-naped Lark,Mirafra africana,7.7,11.1,18.3,19.9,15.7,27.4,874,,,,,
457,,Monotonous Lark,Mirafra passerina,10.7,16.7,20.7,27.3,19.3,5.3,150,,,,,
456,0,Melodious Lark,Mirafra cheniana,2.6,13.7,25.2,19.2,26.1,13.3,234,,,,,
453,510,Red-throated Wryneck,Jynx ruficollis,10.9,9.9,18.3,14.8,19.9,26.2,553,,,,,
452,,Olive Woodpecker,Dendropicos griseocephalus,12.5,11.9,22,18.4,15,20.2,327,,,,,
451,520,Bearded Woodpecker,Dendropicos namaquus,9.5,13.5,23.7,18.8,21.7,12.8,304,,,,,
450,519,Cardinal Woodpecker,Dendropicos fuscescens,10.6,11.1,20.6,20.3,21.5,15.9,1038,,,,,
448,,Knysna Woodpecker,Campethera notata,0.7,11.4,17.9,10.7,20,39.3,140,,,,,
447,513,Golden-tailed Woodpecker,Campethera abingoni,7.3,9.8,15.4,23,19.3,25.2,560,,,,,
446,,Bennett's Woodpecker,Campethera bennettii,10.9,22.5,26.5,22.5,12.9,4.8,147,,,,,
445,,Ground Woodpecker,Geocolaptes olivaceus,25.3,22.5,28.7,12.5,7.6,3.4,471,,,,,
443,509,Brown-backed Honeybird,Prodotiscus regulus,4.5,12.8,30.6,25.9,14.8,11.4,359,,,,,
442,501,Lesser Honeyguide,Indicator minor,6.2,11.1,23.6,22.6,21.4,15,791,,,,,
441,503,Scaly-throated Honeyguide,Indicator variegatus,11.3,14.2,24.5,19.1,16.2,14.7,204,,,,,
440,500,Greater Honeyguide,Indicator indicator,13.3,16.8,28.6,21.4,13.1,6.8,833,,,,,
439,,Crested Barbet,Trachyphonus vaillantii,12.2,9.1,14.4,16.3,16.5,31.5,822,,,,,
438,495,Yellow-rumped Tinkerbird,Pogoniulus bilineatus,14.3,8.9,9.8,15.2,18.8,33,112,,,,,
437,494,Yellow-fronted Tinkerbird,Pogoniulus chrysoconus,11.8,14.6,19.7,22.4,15.4,16.1,254,,,,,
436,493,Red-fronted Tinkerbird,Pogoniulus pusillus,17.7,11.7,18.1,13.3,14.5,24.6,248,,,,,
433,486,White-eared Barbet,Stactolaema leucotis,16.7,5.6,11.1,20.4,14.8,31.5,54,,,,,
432,,Acacia Pied Barbet,Tricholaema leucomelas,17.6,14.1,16.2,17.1,16.9,18.1,1254,,,,,
431,480,Black-collared Barbet,Lybius torquatus,17,10.1,14,14.5,16.9,27.5,759,,,,,
430,467,Southern Ground-Hornbill,Bucorvus leadbeateri,32.2,26.2,27.6,10.8,2.8,0.5,214,,,,,
427,474,Crowned Hornbill,Tockus alboterminatus,24.9,16.6,24.5,18.9,7.6,7.6,265,,,,,
426,,Southern Yellow-billed Hornbill,Tockus leucomelas,23,17.4,23.3,21.1,11.3,3.9,408,,,,,
424,475,African Grey Hornbill,Tockus nasutus,21.3,18.6,24.1,15.6,12.2,8.2,403,,,,,
422,466,Trumpeter Hornbill,Bycanistes bucinator,35.5,20.7,17,13.4,7.8,5.5,217,,,,,
421,462,Common Scimitarbill,Rhinopomastus cyanomelas,14,14.4,22.4,20.9,15.6,12.6,665,,,,,
419,459,Green Wood-Hoopoe,Phoeniculus purpureus,17.8,11.7,17.9,17.3,17.7,17.7,770,,,,,
418,458,African Hoopoe,Upupa africana,26.9,15.3,19.8,16.2,12,9.8,1351,,,,,
416,457,Broad-billed Roller,Eurystomus glaucurus,5,18.3,18.3,26.7,18.3,13.3,60,,,,,
415,456,Purple Roller,Coracias naevius,20.2,27.2,29.5,15.1,5.4,2.6,312,,,,,
413,455,Lilac-breasted Roller,Coracias caudatus,22.4,20.4,26.8,15.6,11,4,501,,,,,
412,454,European Roller,Coracias garrulus,8.8,18.6,34.7,22.7,12.2,3.1,617,,,,,
411,445,Swallow-tailed Bee-eater,Merops hirundineus,7.6,15.5,23.1,21.2,21.8,10.8,316,,,,,
410,442,Little Bee-eater,Merops pusillus,21.7,19,19.7,17.2,13.4,8.9,447,,,,,
409,441,White-fronted Bee-eater,Merops bullockoides,9.9,8,15.5,18.9,23.1,24.7,477,,,,,
407,452,Southern Carmine Bee-eater,Merops nubicoides,24.1,27.7,28.4,12.8,5,2.1,141,,,,,
405,447,Blue-cheeked Bee-eater,Merops persicus,4.7,16.5,29.9,18.9,20.5,9.4,127,,,,,
404,448,European Bee-eater,Merops apiaster,7.3,14.8,23.6,21.2,17.1,16,992,,,,,
403,438,Striped Kingfisher,Halcyon chelicuti,25.3,21.1,22.1,12.8,11.5,7.1,312,,,,,
402,437,Brown-hooded Kingfisher,Halcyon albiventris,21.2,13.7,20.1,16.4,13.6,14.9,876,,,,,
401,436,Grey-headed Kingfisher,Halcyon leucocephala,5.4,17.2,25.8,30.1,19.4,2.2,93,,,,,
399,439,Woodland Kingfisher,Halcyon senegalensis,4.6,11,13.3,27.8,24.3,19,263,,,,,
398,435,African Pygmy-Kingfisher,Ispidina picta,16.2,19.9,27,22,11.1,3.7,296,,,,,
397,434,Malachite Kingfisher,Alcedo cristata,15.9,18.3,23.3,21.2,14.2,7.2,1030,,,,,
396,432,Half-collared Kingfisher,Alcedo semitorquata,12.3,22.4,29.7,14,14.9,6.7,357,,,,,
395,430,Giant Kingfisher,Megaceryle maximus,26.4,19.3,23.2,18.3,7.7,5.2,964,,,,,
394,431,Pied Kingfisher,Ceryle rudis,28.8,18.5,23.4,14.6,9,5.7,1033,,,,,
393,428,Narina Trogon,Apaloderma narina,18.3,16.6,29,15.4,13.3,7.5,241,,,,,
392,,Red-faced Mousebird,Urocolius indicus,9.8,11.4,21,22.8,15.2,19.9,1284,,,,,
391,,White-backed Mousebird,Colius colius,15.5,11.3,21.4,20.2,16.1,15.6,833,,,,,
390,425,Speckled Mousebird,Colius striatus,17.1,11.1,17.8,18.8,17,18.2,1079,,,,,
387,415,African Palm-Swift,Cypsiurus parvus,4,3,8.2,19.2,24.2,41.3,693,,,,,
386,417,Alpine Swift,Tachymarptis melba,14.6,17.6,27.3,22.1,12.4,6.1,1009,,,,,
385,424,Little Swift,Apus affinis,13.5,12.7,22.8,20.8,14.7,15.6,1366,,,,,
384,423,Horus Swift,Apus horus,5.6,16.9,32.3,23.6,14.1,7.4,644,,,,,
383,422,White-rumped Swift,Apus caffer,6.8,10.6,19.6,21.2,19,22.6,1328,,,,,
381,,Bradfield's Swift,Apus bradfieldi,1.6,9.5,25.4,36.5,17.5,9.5,63,,,,,
380,419,African Black Swift,Apus barbatus,10.9,15.8,31.3,21.6,13.2,7.2,983,,,,,
378,418,Common Swift,Apus apus,4.2,13.4,33.5,21,19.2,8.7,620,,,,,
376,408,Square-tailed Nightjar,Caprimulgus fossii,23.7,24.7,30.9,9.3,7.2,4.1,97,,,,,
374,403,Freckled Nightjar,Caprimulgus tristigma,12.1,19.4,34.7,14.9,12.5,6.3,288,,,,,
373,397,Fiery-necked Nightjar,Caprimulgus pectoralis,27.8,18.9,22.5,13.2,12.1,5.5,672,,,,,
372,,Rufous-cheeked Nightjar,Caprimulgus rufigena,9.1,24.6,29,20.8,13.4,3.1,418,,,,,
371,401,European Nightjar,Caprimulgus europaeus,5.9,28.1,43.2,14.6,6.5,1.6,185,,,,,
369,387,Verreaux's Eagle-Owl,Bubo lacteus,21.1,18.4,26,17.3,14.6,2.7,185,,,,,
368,386,Spotted Eagle-Owl,Bubo africanus,24.6,20.4,25.9,15.8,9,4.3,1193,,,,,
367,385,Cape Eagle-Owl,Bubo capensis,14,21.2,44,8.4,10.4,2,250,,,,,
365,391,Pearl-spotted Owlet,Glaucidium perlatum,25.1,14.7,21.5,16.3,12.4,10.1,307,,,,,
364,384,Southern White-faced Scops-Owl,Ptilopsus granti,17.2,19.4,27.8,19.4,14.4,1.7,180,,,,,
363,382,African Scops-Owl,Otus senegalensis,19.1,21.8,30.7,14.2,9.3,4.9,225,,,,,
362,389,African Wood-Owl,Strix woodfordii,24.1,15.4,31.1,16.2,10.1,3.1,228,,,,,
361,394,Marsh Owl,Asio capensis,18.8,23.8,31.1,13.1,9.2,4,479,,,,,
360,380,African Grass-Owl,Tyto capensis,16.1,27.4,38.6,9,6.3,2.7,223,,,,,
359,381,Barn Owl,Tyto alba,21.2,18.3,24.7,16.7,12.6,6.6,953,,,,,
352,374,Diderick Cuckoo,Chrysococcyx caprius,6.7,12.9,20.9,24.2,18.3,17,1288,,,,,
351,373,Klaas's Cuckoo,Chrysococcyx klaas,11.6,14.9,26.2,23.5,14.4,9.4,786,,,,,
350,372,African Emerald Cuckoo,Chrysococcyx cupreus,8.4,16.9,25.4,19.7,16,13.6,213,,,,,
348,363,Jacobin Cuckoo,Clamator jacobinus,8.6,16.6,28.3,20.2,16.7,9.7,724,,,,,
347,364,Levaillant's Cuckoo,Clamator levaillantii,2.4,11,23,24.4,27.8,11.5,209,,,,,
346,362,Great Spotted Cuckoo,Clamator glandarius,6.4,24,38.3,20.8,9.3,1.1,279,,,,,
344,366,Black Cuckoo,Cuculus clamosus,4.7,11.8,20.4,23.9,21.2,18,637,,,,,
343,365,Red-chested Cuckoo,Cuculus solitarius,10.4,16.2,26.1,20.2,15.9,11.2,838,,,,,
341,367,African Cuckoo,Cuculus gularis,11.7,23.5,28,21.2,10.1,5.5,307,,,,,
340,368,Common Cuckoo,Cuculus canorus,8.5,20.9,46.5,11.6,12.4,0,129,,,,,
339,,Grey Go-away-bird,Corythaixoides concolor,17.3,14.7,24,17.6,13.2,13.2,341,,,,,
337,360,Purple-crested Turaco,Gallirex porphyreolophus,24.1,8.5,13.7,17.9,11.3,24.5,212,,,,,
328,345,Brown-headed Parrot,Poicephalus cryptoxanthus,33.8,18.2,23.4,15.6,6.5,2.6,77,,,,,
327,344,Meyer's Parrot,Poicephalus meyeri,29.4,19.1,10.3,17.6,19.1,4.4,68,,,,,
323,340,African Green-Pigeon,Treron calvus,29,13.9,18.8,13.3,10.4,14.5,345,,,,,
322,334,Lemon Dove,Aplopelia larvata,16.3,17.6,29.4,15.8,10.9,9.9,221,,,,,
321,337,Emerald-spotted Wood-Dove,Turtur chalcospilos,21.6,17.6,20.7,17,12.7,10.4,518,,,,,
319,335,Tambourine Dove,Turtur tympanistria,13.4,14.7,24.2,16.3,14.5,16.8,380,,,,,
318,339,Namaqua Dove,Oena capensis,23.1,18.9,25.9,17.5,8.8,6,1300,,,,,
317,333,Laughing Dove,Streptopelia senegalensis,25.7,15.7,21.5,17.4,10.9,8.7,1435,,,,,
316,328,Cape Turtle-Dove,Streptopelia capicola,16.3,11.2,17.1,21.8,17.5,16.1,1443,,,,,
315,329,African Mourning Dove,Streptopelia decipiens,15.7,19.6,39.2,9.8,7.8,7.8,51,,,,,
314,330,Red-eyed Dove,Streptopelia semitorquata,7.6,7.9,15.4,17,17,35.2,1336,,,,,
312,325,African Olive-Pigeon,Columba arquatrix,16.7,18.5,25.3,19.3,10.2,10,509,,,,,
311,324,Speckled Pigeon,Columba guinea,13.9,11.3,16.8,20.2,14.7,23,1384,,,,,
310,,Double-banded Sandgrouse,Pterocles bicinctus,17.4,15.3,25.7,20.1,16,5.6,144,,,,,
308,,Burchell's Sandgrouse,Pterocles burchelli,13.8,22.8,23.6,21.1,13,5.7,123,,,,,
307,,Namaqua Sandgrouse,Pterocles namaqua,12.8,19.2,28.1,20.2,13.5,6.2,579,,,,,
305,312,Whiskered Tern,Chlidonias hybrida,5.4,12.2,22.5,20.9,17.1,21.9,590,,,,,
304,314,White-winged Tern,Chlidonias leucopterus,28.5,26,30.6,8.8,5.1,1.1,628,,,,,
299,311,Little Tern,Sterna albifrons,18.3,9.9,23.9,8.4,16.9,22.5,71,,,,,
298,303,Swift Tern,Sterna bergii,14.5,7.3,15.2,19.6,14.5,29,138,,,,,
296,305,Sandwich Tern,Sterna sandvicensis,26.1,17.7,23.1,6.9,11.5,14.6,130,,,,,
294,,Arctic Tern,Sterna paradisaea,32.5,24.1,33.7,4.8,3.6,1.2,83,,,,,
291,307,Common Tern,Sterna hirundo,38.5,16.1,23.1,9.8,6.3,6.3,143,,,,,
290,302,Caspian Tern,Sterna caspia,12.4,9.5,20.7,17.8,19.4,20.3,242,,,,,
289,,Hartlaub's Gull,Larus hartlaubii,34.2,10.1,15.2,16.5,6.3,17.7,79,,,,,
288,296,Grey-headed Gull,Larus cirrocephalus,16.9,14.4,31.7,14.8,10.9,11.3,486,,,,,
287,300,Kelp Gull,Larus dominicanus,26.7,8.9,18.9,10,12.2,23.3,180,,,,,
286,286,Subantarctic Skua,Catharacta antarctica,10.8,12.3,27.7,15.4,12.3,21.5,65,,,,,
282,283,Black-winged Pratincole,Glareola nordmanni,1.6,13.7,35.2,22.5,17.6,9.3,182,,,,,
280,281,Bronze-winged Courser,Rhinoptilus chalcopterus,9.3,19.3,27.1,28.6,15,0.7,140,,,,,
278,279,Double-banded Courser,Rhinoptilus africanus,14,19,34.1,18.5,9.7,4.7,443,,,,,
277,278,Temminck's Courser,Cursorius temminckii,11.8,23.6,31,17.8,13.2,2.6,348,,,,,
276,,Burchell's Courser,Cursorius rufus,5.9,26.5,40.2,15.7,7.3,4.4,204,,,,,
275,275,Spotted Thick-knee,Burhinus capensis,27.2,19.7,20,16.1,11.9,5.2,1263,,,,,
274,274,Water Thick-knee,Burhinus vermic  latus,15.1,14.9,20.7,17.1,16,16.3,363,,,,,
270,267,Black-winged Stilt,Himantopus himantopus,14.1,17.4,21.1,21,14.5,11.9,988,,,,,
269,268,Pied Avocet,Recurvirostra avosetta,14.1,20.6,30,15.8,12.6,6.9,669,,,,,
268,256,Common Whimbrel,Numenius phaeopus,26.1,13.9,24.6,9.2,13.1,13.1,130,,,,,
267,257,Eurasian Curlew,Numenius arquata,23.5,11.1,50.6,8.6,4.9,1.2,81,,,,,
266,255,Bar-tailed Godwit,Limosa lapponica,15.8,14.5,32.9,14.5,11.8,10.5,76,,,,,
264,263,Wood Sandpiper,Tringa glareola,17.8,23.5,27.6,16.4,9.5,5.3,941,,,,,
263,261,Common Greenshank,Tringa nebularia,16.8,22.4,28.4,17.8,9.4,5.3,1014,,,,,
262,260,Marsh Sandpiper,Tringa stagnatilis,19.2,26.5,35.7,11.4,4.7,2.6,661,,,,,
258,265,Common Sandpiper,Actitis hypoleucos,24.3,25.4,29.1,11.7,7.2,2.2,983,,,,,
257,264,Terek Sandpiper,Xenus cinereus,18.8,21.7,30.4,10.1,8.7,10.1,69,,,,,
256,247,Ruff,Philomachus pugnax,17.3,22.1,30,13.1,9.4,8.1,738,,,,,
255,237,Sanderling,Calidris alba,31.2,17.7,24.8,14.9,8.5,2.8,141,,,,,
254,236,Red Knot,Calidris canutus,21.9,25,37.5,9.4,6.3,0,64,,,,,
253,239,Little Stint,Calidris minuta,18.4,21,33.3,13.2,8.2,5.9,760,,,,,
251,243,Curlew Sandpiper,Calidris ferruginea,23,24.1,32.7,10.7,5.6,3.9,569,,,,,
250,250,African Snipe,Gallinago nigripennis,10.8,17.7,23.6,18,17.4,12.4,677,,,,,
247,216,African Wattled Lapwing,Vanellus senegallus,16.7,14.2,16.5,21.9,16,14.7,443,,,,,
245,217,Blacksmith Lapwing,Vanellus armatus,19.6,13.1,21.4,17.5,10.2,18.2,1379,,,,,
243,223,Black-winged Lapwing,Vanellus melanopterus,11.4,16.1,25,26.7,12.7,8.1,236,,,,,
242,220,Crowned Lapwing,Vanellus coronatus,22.1,13.5,20.5,20,13.4,10.5,1311,,,,,
241,225,Grey Plover,Pluvialis squatarola,23,21,26.3,13.2,9.2,7.2,152,,,,,
239,231,Greater Sand Plover,Charadrius leschenaultii,16.4,20,43.6,10.9,1.8,7.3,55,,,,,
238,235,Three-banded Plover,Charadrius tricollaris,18.7,16.4,21,19.2,12.1,12.7,1351,,,,,
237,234,Kittlitz's Plover,Charadrius pecuarius,13.9,19.2,28.5,16.9,11.6,9.9,818,,,,,
236,230,Chestnut-banded Plover,Charadrius pallidus,17.2,16.1,39.1,12.6,6.9,8.1,87,,,,,
235,229,White-fronted Plover,Charadrius marginatus,32.6,12,21.7,17.1,6.9,9.7,175,,,,,
233,227,Common Ringed Plover,Charadrius hiaticula,16.1,19.4,34.7,14.7,8.9,6.1,360,,,,,
232,266,Ruddy Turnstone,Arenaria interpres,28.3,15.1,28.3,10.5,9.9,7.9,152,,,,,
231,,African Black Oystercatcher,Haematopus moquini,27.1,3.4,14.4,13.6,11.9,29.7,118,,,,,
230,213,Greater Painted-snipe,Rostratula benghalensis,4.6,16.2,42.4,18.2,14.6,4,198,,,,,
228,211,African Jacana,Actophilornis africanus,15.6,13.1,22.2,17.2,16.2,15.8,482,,,,,
227,205,Black-bellied Bustard,Lissotis melanogaster,25.5,18.6,29.3,17.5,5.3,3.7,188,,,,,
224,,Red-crested Korhaan,Lophotis ruficrista,13.9,12.5,23.6,17.7,16.3,16,368,,,,,
223,,Blue Korhaan,Eupodotis caerulescens,20.9,15.6,23.6,19.8,10.3,9.7,339,,,,,
222,203,White-bellied Korhaan,Eupodotis senegalensis,13.9,23.8,31.4,12.6,12.1,6.3,223,,,,,
220,,Karoo Korhaan,Eupodotis vigorsii,7.8,17.9,25.1,22.8,19.2,7.2,307,,,,,
219,207,Denham's Bustard,Neotis denhami,19.1,18.8,27.5,16.2,8.1,10.1,345,,,,,
218,,Ludwig's Bustard,Neotis ludwigii,8.9,18,23.6,23.9,19.7,5.9,406,,,,,
217,209,Kori Bustard,Ardeotis kori,20.9,22.4,24.7,17.7,12.2,2,344,,,,,
216,,Blue Crane,Anthropoides paradiseus,21.3,18.2,23.8,12.8,9.6,14.3,757,,,,,
215,,Wattled Crane,Bugeranus carunculatus,22.2,22.2,27.2,9.9,11.1,7.4,81,,,,,
214,184,Grey Crowned Crane,Balearica regulorum,20.8,19.8,24,16.7,9,9.7,288,,,,,
213,202,African Finfoot,Podica senegalensis,9.4,12.2,38.1,18,15.1,7.2,139,,,,,
212,197,Red-knobbed Coot,Fulica cristata,21.7,14.7,19.5,18.7,10.6,14.8,1181,,,,,
211,200,Lesser Moorhen,Gallinula angulata,3.4,18.6,15.3,32.2,23.7,6.8,59,,,,,
210,201,Common Moorhen,Gallinula chloropus,11.8,11.6,19.8,19.4,17,20.4,1049,,,,,
208,198,African Purple Swamphen,Porphyrio madagascariensis,16.1,16.8,24.4,17.9,12.1,12.6,446,,,,,
206,186,Buff-spotted Flufftail,Sarothrura elegans,18.2,18.2,28.2,20.4,7.7,7.2,181,,,,,
205,187,Red-chested Flufftail,Sarothrura rufa,9.8,14.6,25.8,14.9,21,13.9,295,,,,,
203,193,Black Crake,Amaurornis flavirostris,14,12.3,19,15.8,17.4,21.5,657,,,,,
202,195,Baillon's Crake,Porzana pusilla,8,16,45.3,16,10.7,4,75,,,,,
199,191,African Crake,Crecopsis egregia,0,21.5,33.3,25.8,18.3,1.1,93,,,,,
197,190,African Rail,Rallus caerulescens,12.1,14.5,26,14.8,18,14.5,338,,,,,
196,181,Kurrichane Buttonquail,Turnix sylvaticus,13.5,20,29.7,21.1,13.2,2.4,370,,,,,
193,178,Crested Guineafowl,Guttera edouardi,16.2,20.6,11.8,17.6,19.1,14.7,68,,,,,
192,180,Helmeted Guineafowl,Numida meleagr s,19.9,12.4,17.8,15.8,13.7,20.5,1340,,,,,
190,174,Harlequin Quail,Coturnix delegorguei,12.6,26.2,36.1,13.7,8.7,2.7,183,,,,,
189,173,Common Quail,Coturnix coturnix,16.3,19.7,27.9,18.6,9.4,8.1,1039,,,,,
188,165,Red-necked Spurfowl,Pternistis afer,15.7,15.7,18.1,14.7,16.7,19.1,204,,,,,
185,,Swainson's Spurfowl,Pternistis swainsonii,11.9,8.8,17.3,16,17.5,28.6,707,,,,,
183,,Natal Spurfowl,Pternistis natalensis,8.2,9,19,18.8,16.4,28.5,536,,,,,
181,,Cape Spurfowl,Pternistis capensis,15.7,11.7,17.5,20.6,14.4,20.2,223,,,,,
179,,Orange River Francolin,Scleroptila levaillantoides,10.8,10,20.8,20.2,19.1,19.1,351,,,,,
178,169,Red-winged Francolin,Scleroptila levaillantii,17.9,19.7,31.4,14.8,8.9,7.4,325,,,,,
177,170,Shelley's Francolin,Scleroptila shelleyi,32.4,20.2,26.7,9.9,6.9,3.8,262,,,,,
176,,Grey-winged Francolin,Scleroptila africanus,27.8,16.1,23.7,17.5,8.4,6.4,497,,,,,
174,167,Crested Francolin,Dendroperdix sephaena,13.4,13.7,21.4,15.3,13.7,22.4,313,,,,,
173,172,Coqui Francolin,Peliperdix coqui,32.7,20.8,18.9,12.9,9.4,5.3,318,,,,,
172,141,Osprey,Pandion haliaetus,11.7,11.7,27,22.3,17.5,9.9,274,,,,,
171,94,African Harrier-Hawk,Polyboroides typus,16.4,15.9,25.4,21,13.6,7.7,860,,,,,
170,96,Montagu's Harrier,Circus pygargus,1.5,13.3,23,22.2,32.6,7.4,135,,,,,
169,,Black Harrier,Circus maurus,11.4,21.8,35.1,16.9,9,5.8,587,,,,,
168,95,Pallid Harrier,Circus macrourus,1.9,11.5,29.8,32.7,19.2,4.8,104,,,,,
167,98,African Marsh-Harrier,Circus ranivorus,13.7,20.1,33.6,17.9,7.7,6.9,547,,,,,
165,113,Southern Pale Chanting Goshawk,Melierax canorus,10.7,13.3,23.6,22.9,17.1,12.4,838,,,,,
163,112,Dark Chanting Goshawk,Melierax metabates,27.2,14.8,34.6,16,2.5,4.9,81,,,,,
162,114,Gabar Goshawk,Melierax gabar,11.6,17,26.4,21.7,15.5,7.7,594,,,,,
161,110,Shikra,Accipiter badius,14.8,22.4,28.8,20.5,9.9,3.8,264,,,,,
160,108,African Goshawk,Accipiter tachiro,15.3,15.7,26.3,19.4,14.9,8.4,464,,,,,
159,104,Black Sparrowhawk,Accipiter melanoleucus,6.6,9.4,22.3,20.5,21.9,19.3,502,,,,,
158,109,Little Sparrowhawk,Accipiter minullus,11.9,15.9,28.8,21.8,18.3,3.3,427,,,,,
157,105,Ovambo Sparrowhawk,Accipiter ovampensis,7.5,19.2,29.2,19.2,17.5,7.5,120,,,,,
156,107,Rufous-chested Sparrowhawk,Accipiter rufiventris,13.4,15.1,39,17.4,11.9,3.2,344,,,,,
155,,Forest Buzzard,Buteo trizonatus,12.4,16.6,24.4,17.1,16.1,13.5,193,,,,,
154,117,Steppe Buzzard,Buteo vulpinus,13.2,18.4,24,22,12.4,10.1,1269,,,,,
152,,Jackal Buzzard,Buteo rufofuscus,16.1,15.5,22.4,17.5,13.3,15.2,1076,,,,,
151,99,Bateleur,Terathopius ecaudatus,27.3,22.4,29.2,14.9,5,1.2,161,,,,,
150,93,Bearded Vulture,Gypaetus barbatus,17.8,23.3,38.4,15.1,5.5,0,73,,,,,
149,134,African Fish-Eagle,Haliaeetus vocifer,13.6,9.8,17.7,19.1,21,18.8,953,,,,,
146,100,Black-chested Snake-Eagle,Circaetus pectoralis,9.2,14.7,25.9,21.9,20.6,7.7,544,,,,,
145,101,Brown Snake-Eagle,Circaetus cinereus,12,14.6,25.6,23.5,18.5,5.9,426,,,,,
144,115,Lizard Buzzard,Kaupifalco monogrammicus,19,26,29.3,14.9,8.7,2.1,242,,,,,
143,122,African Crowned Eagle,Stephanoaetus coronatus,23.3,16.1,28.3,17.2,7.9,7.2,279,,,,,
142,123,Martial Eagle,Polemaetus bellicosus,17.1,21.7,33.6,17.5,8.5,1.7,885,,,,,
141,125,African Hawk-Eagle,Aquila spilogaster,20.5,19.2,23.2,22.3,11.6,3.1,224,,,,,
139,124,Booted Eagle,Aquila pennatus,4.7,13.5,27.2,25.5,19.8,9.3,600,,,,,
138,121,Long-crested Eagle,Lophaetus occipitalis,8.9,11,19,14.7,20.8,25.7,327,,,,,
137,133,Wahlberg's Eagle,Aquila wahlbergi,17.6,20,25.6,19.2,10.4,7.3,386,,,,,
136,127,Lesser Spotted Eagle,Aquila pomarina,3.7,14.8,24.7,25.9,19.8,11.1,81,,,,,
135,130,Steppe Eagle,Aquila nipalensis,5.8,24.1,43.7,18.4,5.8,2.3,87,,,,,
134,129,Tawny Eagle,Aquila rapax,17.3,23.5,38.7,13.3,5.6,1.5,323,,,,,
133,132,Verreaux's Eagle,Aquila verreauxii,26.6,19.3,26.1,15.6,8.9,3.7,836,,,,,
132,137,European Honey-Buzzard,Pernis apivorus,0,1,8.4,43.2,36.8,10.5,95,,,,,
130,139,Black-shouldered Kite,Elanus caeruleus,36.2,19.6,19.3,14.2,6.6,4,1341,,,,,
129,135,Yellow-billed Kite,Milvus aegyptius,17.3,18,28.7,16,10.3,9.7,885,,,,,
128,135,Black Kite,Milvus migrans,23.4,31.9,39.3,3.5,1.9,0,521,,,,,
127,136,African Cuckoo Hawk,Aviceda cuculoides,6.6,18.7,39.6,18.1,14.3,2.8,182,,,,,
126,142,Pygmy Falcon,Polihierax semitorquatus,11.3,8.3,20.6,33,19.6,7.2,97,,,,,
125,160,Lesser Kestrel,Falco naumanni,17.4,20.2,32.2,16.7,9,4.6,792,,,,,
123,159,Rock Kestrel,Falco rupicolus,27.7,26.1,25.2,11.5,5.3,4.2,1296,,,,,
122,158,Greater Kestrel,Falco rupicoloides,19.4,20.7,29,16.6,9.6,4.6,782,,,,,
120,149,Red-footed Falcon,Falco vespertinus,2.3,15.9,31.1,25.8,22,3,132,,,,,
119,150,Amur Falcon,Falco amurensis,1.5,5.5,14.3,19.7,26.7,32.3,742,,,,,
115,152,Eurasian Hobby,Falco subbuteo,8.4,18.3,43.8,15.9,11.9,1.6,251,,,,,
114,146,Lanner Falcon,Falco biarmicus,8.6,16.3,30.9,24,14.7,5.6,1064,,,,,
113,143,Peregrine Falcon,Falco peregrinus,1.4,4.8,17.2,22.6,33,20.9,354,,,,,
109,88,White-headed Vulture,Trigonoceps occipitalis,37.3,16.9,30.1,8.4,7.2,0,83,,,,,
108,87,Lappet-faced Vulture,Torgos tracheliotus,24.8,18.8,22.8,16.8,15.4,1.5,202,,,,,
107,90,White-backed Vulture,Gyps africanus,17.1,13.9,25.9,18.5,14.7,9.9,374,,,,,
106,,Cape Vulture,Gyps coprotheres,21.3,22,29.9,13.6,9.2,4.2,546,,,,,
105,85,Secretarybird,Sagittarius serpentarius,26.9,19.9,27.2,14.3,9,2.7,1088,,,,,
104,84,White-backed Duck,Thalassornis leuconotus,11.9,18.7,29.6,18.3,11.5,9.9,486,,,,,
103,83,Maccoa Duck,Oxyura maccoa,16.1,20.8,25.5,16.1,13,8.5,447,,,,,
102,79,Southern Pochard,Netta erythrophthalma,14.9,19.1,29.5,17,13.1,6.4,739,,,,,
101,61,Fulvous Duck,Dendrocygna bicolor,10.4,20.1,28,17.9,16.8,6.7,268,,,,,
100,62,White-faced Duck,Dendrocygna viduata,12.7,12.8,20.4,17,16.6,20.6,899,,,,,
99,77,Hottentot Teal,Anas hottentota,16.9,13.7,29.1,15.7,12.6,12,350,,,,,
98,69,Cape Teal,Anas capensis,11.4,11.9,23.7,20.4,15.4,17.3,683,,,,,
97,76,Red-billed Teal,Anas erythrorhyncha,11.8,15.7,21.5,19.2,14.6,17.1,1108,,,,,
96,74,Yellow-billed Duck,Anas undulata,19,15.1,20.6,16.8,12.5,15.9,1229,,,,,
95,68,African Black Duck,Anas sparsa,18.5,16.9,27.9,17.9,11.5,7.3,1043,,,,,
94,,Cape Shoveler,Anas smithii,12.5,13,18.8,21.8,15.8,18.1,823,,,,,
92,67,African Pygmy-Goose,Nettapus auritus,29,23.7,25,6.6,7.9,7.9,76,,,,,
91,66,Comb Duck,Sarkidiornis melanotos,15.3,20.8,34,17.5,8,4.5,400,,,,,
90,,South African Shelduck,Tadorna cana,12.1,13.3,19.9,19.2,17.1,18.5,995,,,,,
89,64,Egyptian Goose,Alopochen aegyptiacus,10.4,10.9,15.8,20.8,17.1,25,1369,,,,,
88,65,Spur-winged Goose,Plectropterus gambensis,15.7,12.7,20.6,17.9,15.3,17.9,1193,,,,,
87,60,Lesser Flamingo,Phoenicopterus minor,13.3,19.8,30.4,20.1,9.1,7.4,339,,,,,
86,59,Greater Flamingo,Phoenicopterus ruber,12,16.3,24.3,19.3,16.1,12.1,535,,,,,
85,57,African Spoonbill,Platalea alba,23,21.1,24.9,15.2,10,5.8,1126,,,,,
84,54,Hadeda Ibis,Bostrychia hagedash,11.5,8.9,15.1,19.4,15.4,29.6,1353,,,,,
83,56,Glossy Ibis,Plegadis falcinellus,9.1,15.9,24,20.8,16.3,13.8,667,,,,,
82,,Southern Bald Ibis,Geronticus calvus,14.1,11,24.5,18.3,17.6,14.5,290,,,,,
81,53,African Sacred Ibis,Threskiornis aethiopicus,21.7,17.4,22.9,18,7.9,12.1,1195,,,,,
80,45,White Stork,Ciconia ciconia,20.4,28.1,30.6,13.1,5.8,2,1046,,,,,
79,46,Black Stork,Ciconia nigra,18.5,26.5,35.9,12.1,6.6,0.4,821,,,,,
78,47,Abdim's Stork,Ciconia abdimii,18.6,29.5,35,9.7,5.3,1.9,414,,,,,
77,48,Woolly-necked Stork,Ciconia episcopus,11.9,12.7,20.1,16.4,15.7,23.1,134,,,,,
76,52,Yellow-billed Stork,Mycteria ibis,12.8,24.4,35.5,13.2,8.8,5.3,431,,,,,
75,49,Saddle-billed Stork,Ephippiorhynchus senegalensis,28.1,14.6,34.4,14.6,5.2,3.1,96,,,,,
74,51,African Openbill,Anastomus lamelligerus,11.9,6.3,10.1,28.3,28.3,15.1,159,,,,,
73,50,Marabou Stork,Leptoptilos crumeniferus,20,15.1,25.5,18.2,13.3,7.9,165,,,,,
72,44,Hamerkop Hamerkop,Scopus umbretta,37.6,20.8,23.5,10.5,5.4,2.2,1266,,,,,
72,44,Hamerkop,Scopus umbretta,37.6,20.8,23.5,10.5,5.4,2.2,1266,,,,,
70,28,White-backed Night-Heron,Gorsachius leuconotus,14.1,18.8,40.6,15.6,9.4,1.6,64,,,,,
69,29,Black-crowned Night-Heron,Nycticorax nycticorax,15.5,21.2,31.4,16.1,9.9,5.8,684,,,,,
67,27,Little Bittern,Ixobrychus minutus,8.5,16.7,34.5,19.5,11.5,9.3,365,,,,,
66,26,Dwarf Bittern,Ixobrychus sturmii,4.7,20.8,35.8,25.5,12.3,0.9,106,,,,,
64,37,Black Heron,Egretta ardesiaca,6.2,17.5,35.8,20.8,13.1,6.6,274,,,,,
63,34,Green-backed Heron,Butorides striata,16.5,14,21.1,16,21.3,11.2,394,,,,,
62,31,Squacco Heron,Ardeola ralloides,10.6,16.5,30.7,21.7,13.1,7.3,479,,,,,
61,30,Cattle Egret,Bubulcus ibis,36.6,19.9,18.5,13.5,6.4,5.1,1287,,,,,
60,38,Yellow-billed Egret,Egretta intermedia,21.4,21.9,26.4,17,9.1,4.1,734,,,,,
59,35,Little Egret,Egretta garzetta,16.7,16.8,24,18.7,14.2,9.6,966,,,,,
58,39,Great Egret,Egretta alba,22.2,18.8,28.2,18.8,7.8,4.2,744,,,,,
57,41,Purple Heron,Ardea purpurea,15.2,17.9,27.1,17,13.3,9.5,676,,,,,
56,42,Goliath Heron,Ardea goliath,13.3,12.3,25.6,18.3,15.3,15.3,563,,,,,
55,43,Black-headed Heron,Ardea melanocephala,26.7,16.3,23.5,16.4,8.9,8.2,1334,,,,,
54,40,Grey Heron,Ardea cinerea,28.5,17.4,20.5,15.8,9.7,8.2,1301,,,,,
52,23,African Darter,Anhinga rufa,20.9,17.4,20.5,17.7,11.8,11.7,1034,,,,,
50,22,Reed Cormorant,Phalacrocorax africanus,17.9,16.4,18,18.5,12.8,16.5,1228,,,,,
48,,Cape Cormorant,Phalacrocorax capensis,39,11.8,20.6,8.1,8.8,11.8,136,,,,,
47,21,White-breasted Cormorant,Phalacrocorax carbo,21.1,15.2,22.2,19.1,11.8,10.5,1140,,,,,
44,,Cape Gannet,Morus capensis,29,14.5,14.5,10.5,12.1,19.4,124,,,,,
42,16,Great White Pelican,Pelecanus onocrotalus,23.5,18.8,30.2,10.7,8.1,8.7,149,,,,,
41,17,Pink-backed Pelican,Pelecanus rufescens,21.2,29.3,24.2,6.1,9.1,10.1,99,,,,,
29,,Sooty Shearwater,Puffinus griseus,22.8,22.8,29.8,12.3,7,5.3,57,,,,,
6,2,Little Grebe,Tachybaptus ruficollis,19,13.5,18.7,20.4,13.3,15.1,1260,,,,,
5,3,Black-necked Grebe,Podiceps nigricollis,12.2,16.7,29.5,17.3,15.8,8.4,335,,,,,
4,4,Great Crested Grebe,Podiceps cristatus,17,13.3,24.5,17.5,16,11.7,376,,,,,
2,,African Penguin,Spheniscus demersus,31.3,31.3,28.8,1.3,1.3,6.3,80,,,,,
1,1,Common Ostrich,Struthio camelus,16,11.6,17.9,16.3,17,21.3,1034,,,,,