Ref,Common_group,Common_species,Genus,Species,fp,fpn,fp_last,ad,adn,ad_last
0,,,,,5.3847,569,2020-05-05,1.5168,349,2020-05-01
151,,Bateleur,Terathopius,ecaudatus,7.6938,813,2022-11-03,2.6164,602,2022-10-20
731,,Brubru,Nilaus,afer,10.4760,1107,2022-11-03,1.3473,310,2022-10-21
273,,Crab-plover,Dromas,ardeola,2.8863,305,2022-10-21,0.5911,136,2022-10-08
885,,Garganey,Spatula,querquedula,0.4259,45,2022-03-08,0.1130,26,2022-02-20
72,,Hamerkop,Scopus,umbretta,20.5451,2171,2022-11-05,5.2371,1205,2022-11-08
2484,,Piapiac,Ptilostomus,afer,0.0189,2,2021-07-03,0.0087,2,2019-07-31
1344,,Quail-plover,Ortyxelos,meiffrenii,0.0095,1,2016-11-23,0.0087,2,2021-05-20
844,,Quailfinch,Ortygospiza,atricollis,0.6151,65,2022-10-28,0.1434,33,2022-10-29
3828,,"Quailfinch (ssp gabonensis)",Ortygospiza,"atricollis gabonensis",0.0095,1,2022-02-05,0.0000,0,-
256,,Ruff,Calidris,pugnax,4.1639,440,2022-11-03,1.1126,256,2022-11-08
255,,Sanderling,Calidris,alba,2.1955,232,2022-10-28,0.4259,98,2022-10-08
105,,Secretarybird,Sagittarius,serpentarius,5.5077,582,2022-11-03,2.0209,465,2022-10-27
161,,Shikra,Accipiter,badius,1.6750,177,2022-10-08,0.3390,78,2022-10-08
2578,,Silverbird,Empidornis,semipartitus,1.8927,200,2022-10-03,0.4650,107,2022-10-12
577,,Whinchat,Saxicola,rubetra,1.8359,194,2022-10-25,0.2825,65,2022-03-27
591,Akalat,"East Coast",Sheppardia,gunningi,0.5300,56,2022-10-15,0.1087,25,2022-10-06
2710,Akalat,Equatorial,Sheppardia,aequatorialis,0.6151,65,2022-10-22,0.1173,27,2021-08-13
1109,Alethe,Brown-chested,Chamaetylas,poliocephala,1.2302,130,2022-11-08,0.1999,46,2022-10-14
622,Apalis,Bar-throated,Apalis,thoracica,0.0095,1,2018-10-18,0.0000,0,-
3084,Apalis,Black-collared,Oreolais,pulcher,3.0094,318,2022-10-22,0.4477,103,2022-11-02
623,Apalis,Black-headed,Apalis,melanocephala,3.2838,347,2022-10-15,0.8084,186,2022-10-16
3074,Apalis,Black-throated,Apalis,jacksoni,0.8990,95,2022-11-05,0.1478,34,2022-06-27
1099,Apalis,Buff-throated,Apalis,rufogularis,0.4448,47,2022-10-22,0.0782,18,2021-11-30
3082,Apalis,Chestnut-throated,Apalis,porphyrolaema,2.4605,260,2022-10-18,0.6563,151,2022-09-20
3070,Apalis,Grey,Apalis,cinerea,3.1986,338,2022-11-05,0.5215,120,2022-11-05
3076,Apalis,Karamoja,Apalis,karamojae,0.0284,3,2021-05-09,0.0217,5,2022-02-11
3056,Apalis,Taita,Apalis,fuscigularis,0.0757,8,2022-07-02,0.0652,15,2022-03-30
625,Apalis,Yellow-breasted,Apalis,flavida,21.5198,2274,2022-11-05,2.8033,645,2022-11-11
1103,Apalis,Yellow-throated,Apalis,flavigularis,0.1703,18,2021-10-16,0.0174,4,2022-11-01
269,Avocet,Pied,Recurvirostra,avosetta,1.6372,173,2022-10-23,0.5520,127,2022-11-07
467,Babbler,"African Hill",Sylvia,abyssinica,1.5047,159,2022-11-05,0.2521,58,2022-05-14
533,Babbler,Arrow-marked,Turdoides,jardineii,5.0535,534,2022-11-04,0.8996,207,2022-11-07
3458,Babbler,Black-lored,Turdoides,sharpei,4.6655,493,2022-10-15,0.9692,223,2022-10-29
3452,Babbler,Brown,Turdoides,plebejus,1.2776,135,2022-09-30,0.1782,41,2022-10-09
1133,Babbler,"Grey-chested ",Kakamega,poliothorax,0.0284,3,2018-08-24,0.0130,3,2020-11-19
3444,Babbler,Hinde's,Turdoides,hindei,1.7602,186,2022-10-30,0.3260,75,2022-10-03
3446,Babbler,"Northern Pied",Turdoides,hypoleuca,5.3468,565,2022-10-15,0.9605,221,2022-10-25
3384,Babbler,"Rwenzori Hill",Sylvia,atriceps,0.1136,12,2015-02-24,0.0000,0,-
3462,Babbler,Scaly,Turdoides,squamulata,5.2901,559,2022-10-29,0.8736,201,2022-10-16
1428,Barbet,Black-billed,Lybius,guifsobalito,0.2366,25,2022-09-02,0.0348,8,2022-04-22
431,Barbet,Black-collared,Lybius,torquatus,0.6624,70,2022-10-28,0.1478,34,2022-10-20
1472,Barbet,Black-throated,Tricholaema,melanocephala,4.3532,460,2022-10-30,0.6432,148,2022-11-01
1050,Barbet,Brown-breasted,Lybius,melanopterus,2.4226,256,2022-10-22,0.4477,103,2022-09-13
1452,Barbet,"D'Arnaud's ",Trachyphonus,darnaudii,11.3372,1198,2022-11-05,2.2817,525,2022-10-21
1422,Barbet,Double-toothed,Lybius,bidentatus,1.4101,149,2022-11-04,0.2043,47,2022-08-11
435,Barbet,Green,Stactolaema,olivacea,2.5741,272,2022-10-28,0.6085,140,2022-10-20
1416,Barbet,Grey-throated,Gymnobucco,bonapartei,1.0126,107,2022-11-08,0.1260,29,2022-05-24
1468,Barbet,Hairy-breasted,Tricholaema,hirsuta,0.2555,27,2022-10-22,0.0348,8,2022-05-24
1454,Barbet,Red-and-yellow,Trachyphonus,erythrocephalus,6.2932,665,2022-11-03,1.3473,310,2022-10-20
1462,Barbet,Red-fronted,Tricholaema,diademata,9.1038,962,2022-11-09,1.0387,239,2022-10-08
1470,Barbet,Spot-flanked,Tricholaema,lacrymosa,11.1006,1173,2022-11-09,1.2473,287,2022-11-09
433,Barbet,White-eared,Stactolaema,leucotis,0.5394,57,2022-10-28,0.1304,30,2022-10-16
960,Barbet,White-headed,Lybius,leucocephalus,7.7979,824,2022-11-09,0.8345,192,2022-11-09
1458,Barbet,Yellow-billed,Trachyphonus,purpuratus,0.8801,93,2022-11-08,0.0869,20,2022-10-14
1414,Barbet,Yellow-spotted,Buccanodon,duchaillui,0.5773,61,2022-11-08,0.0565,13,2021-11-30
673,Batis,Chinspot,Batis,molitor,23.2706,2459,2022-11-09,3.2900,757,2022-11-09
2320,Batis,"Eastern Black-headed",Batis,minor,3.6340,384,2022-10-30,0.2955,68,2022-07-02
683,Batis,"Forest ",Batis,mixta,0.9747,103,2022-10-03,0.1434,33,2022-07-02
675,Batis,Pale,Batis,soror,2.1009,222,2022-10-08,0.4955,114,2022-10-08
2326,Batis,Pygmy,Batis,perkeo,2.4700,261,2022-11-03,0.3260,75,2022-10-09
2310,Batis,"West African",Batis,occulta,0.0189,2,2022-09-02,0.0130,3,2021-04-09
1584,Bee-eater,Blue-breasted,Merops,variegatus,0.0379,4,2022-06-18,0.0000,0,-
405,Bee-eater,Blue-cheeked,Merops,persicus,2.4510,259,2022-10-30,0.4955,114,2022-05-31
1574,Bee-eater,Blue-headed,Merops,muelleri,0.3975,42,2022-11-08,0.0391,9,2021-08-11
1578,Bee-eater,Cinnamon-chested,Merops,oreobates,16.8354,1779,2022-11-09,3.9202,902,2022-11-09
404,Bee-eater,European,Merops,apiaster,11.8387,1251,2022-11-09,2.2339,514,2022-10-28
410,Bee-eater,Little,Merops,pusillus,15.6052,1649,2022-11-05,3.0901,711,2022-11-05
1576,Bee-eater,"Northern Carmine",Merops,nubicus,6.3405,670,2022-10-28,1.7471,402,2022-10-08
406,Bee-eater,Olive,Merops,superciliosus,2.9904,316,2022-09-20,0.5998,138,2022-10-16
1582,Bee-eater,Somali,Merops,revoilii,1.0220,108,2022-10-08,0.3781,87,2022-10-09
407,Bee-eater,"Southern Carmine",Merops,nubicoides,0.0095,1,2016-09-10,0.0000,0,-
409,Bee-eater,White-fronted,Merops,bullockoides,5.2711,557,2022-11-04,1.6428,378,2022-10-18
1034,Bee-eater,White-throated,Merops,albicollis,10.0975,1067,2022-11-08,2.2861,526,2022-10-09
3750,Bishop,Black,Euplectes,gierowii,0.4353,46,2022-07-16,0.0261,6,2022-04-22
809,Bishop,"Black-winged Red ",Euplectes,hordeaceus,1.0978,116,2022-09-02,0.1173,27,2022-07-28
3746,Bishop,Fire-fronted,Euplectes,diadematus,0.2934,31,2022-06-22,0.0565,13,2020-05-09
3748,Bishop,"Northern Red ",Euplectes,franciscanus,0.1893,20,2022-10-01,0.0391,9,2022-10-08
808,Bishop,"Southern Red",Euplectes,orix,1.3722,145,2022-06-21,0.1173,27,2022-07-20
810,Bishop,Yellow,Euplectes,capensis,9.1606,968,2022-11-05,1.7732,408,2022-11-05
812,Bishop,Yellow-crowned,Euplectes,afer,0.8233,87,2022-10-01,0.2173,50,2022-10-08
3754,Bishop,"Zanzibar Red ",Euplectes,nigroventris,5.0819,537,2022-10-27,0.4650,107,2022-10-08
66,Bittern,Dwarf,Ixobrychus,sturmii,0.3312,35,2022-09-21,0.0304,7,2022-05-14
67,Bittern,Little,Ixobrychus,minutus,0.7098,75,2022-09-27,0.0913,21,2022-10-08
969,Blackcap,Blackcap,Sylvia,atricapilla,3.2365,342,2022-04-09,0.4477,103,2022-10-28
1190,Bluebill,Red-headed,Spermophaga,ruficapilla,0.5205,55,2022-11-08,0.0478,11,2021-11-30
7865,Boubou,"Black ",Laniarius,nigerrimus,0.0095,1,2019-01-18,0.0043,1,2018-10-02
7867,Boubou,"East Coast",Laniarius,sublacteus,6.0471,639,2022-10-29,1.6428,378,2022-10-28
14193,Boubou,Ethiopian,laniarius,aethiopicus,2.0062,212,2022-09-05,0.6519,150,2022-10-23
977,Boubou,"Ethiopian ",Laniarius,aethiopicus,18.2076,1924,2021-05-15,3.0640,705,2020-10-17
2430,Boubou,Slate-colored,Laniarius,funebris,21.7943,2303,2022-11-05,4.3287,996,2022-11-05
7866,Boubou,Tropical,Laniarius,major,8.6969,919,2022-11-09,2.4512,564,2022-11-08
1191,Bristlebill,Red-tailed,Bleda,syndactylus,0.5394,57,2022-11-08,0.0652,15,2022-05-24
454,Broadbill,African,Smithornis,capensis,0.3501,37,2022-09-11,0.0348,8,2022-10-15
3024,Brownbul,Northern,Phyllastrephus,strepitans,13.6084,1438,2022-10-27,2.0644,475,2022-10-08
546,Brownbul,Terrestrial,Phyllastrephus,terrestris,0.5773,61,2022-10-21,0.1260,29,2022-02-26
11491,Bulbul,Common,Pycnonotus,barbatus,21.3684,2258,2022-11-09,8.0186,1845,2022-11-11
545,Bulbul,Dark-capped,Pycnonotus,tricolor,12.5864,1330,2022-11-05,3.7594,865,2022-10-28
3036,Bulbul,Dark-capped,Pycnonotus,tricolor,24.1790,2555,2021-05-15,5.2936,1218,2021-05-08
3032,Bulbul,Dodson's,Pycnonotus,dodsoni,8.0439,850,2022-10-21,2.3643,544,2022-10-20
872,Bunting,Cinnamon-breasted,Emberiza,tahapisi,2.7728,293,2022-10-22,0.5737,132,2022-10-08
874,Bunting,Golden-breasted,Emberiza,flaviventris,5.6307,595,2022-11-09,0.8779,202,2022-10-12
4032,Bunting,Ortolan,Emberiza,hortulana,0.0189,2,2021-11-30,0.0043,1,2021-12-01
4038,Bunting,"Somali Golden-breasted",Emberiza,poliopleura,1.8170,192,2022-10-09,0.3607,83,2022-10-09
4048,Bunting,Striolated,Emberiza,striolata,0.0095,1,2018-05-07,0.0043,1,2018-05-13
720,Bushshrike,Black-fronted,Chlorophoneus,nigrifrons,0.7098,75,2022-07-02,0.1043,24,2022-06-27
2498,Bushshrike,Bocage's,Chlorophoneus,bocagei,0.0852,9,2017-10-07,0.0043,1,2016-10-02
2500,Bushshrike,Doherty's,Telophorus,dohertyi,0.1420,15,2022-07-20,0.0261,6,2021-02-06
721,Bushshrike,Gorgeous,Telophorus,viridis,0.8990,95,2022-07-02,0.2868,66,2022-08-21
723,Bushshrike,Grey-headed,Malaconotus,blanchoti,11.2425,1188,2022-11-05,2.1383,492,2022-11-03
2436,Bushshrike,LÃ¼hder's,Laniarius,luehderi,0.8801,93,2022-11-08,0.1260,29,2021-11-21
719,Bushshrike,Orange-breasted,Chlorophoneus,sulfureopectus,10.7694,1138,2022-11-04,1.1170,257,2022-11-03
2440,Bushshrike,Red-naped,Laniarius,ruficeps,0.1325,14,2022-09-26,0.1000,23,2022-10-07
2490,Bushshrike,Rosy-patched,Telophorus,cruentus,5.6591,598,2022-11-03,1.5211,350,2022-10-09
1894,Bustard,Arabian,Ardeotis,arabs,0.0284,3,2022-05-06,0.0000,0,-
227,Bustard,Black-bellied,Lissotis,melanogaster,2.1577,228,2022-11-05,0.6867,158,2022-10-27
1900,Bustard,Buff-crested,Lophotis,gindiana,3.7097,392,2022-10-11,1.3299,306,2022-10-25
219,Bustard,Denham's,Neotis,denhami,0.0473,5,2022-05-06,0.0130,3,2019-02-14
1906,Bustard,Hartlaub's,Lissotis,hartlaubii,0.9653,102,2022-10-27,0.2303,53,2022-10-27
1910,Bustard,Heuglin's,Neotis,heuglinii,0.0852,9,2021-08-04,0.0435,10,2022-10-09
217,Bustard,Kori,Ardeotis,kori,4.8263,510,2022-10-28,1.4820,341,2022-10-24
222,Bustard,White-bellied,Eupodotis,senegalensis,5.4982,581,2022-11-03,1.3690,315,2022-10-15
196,Buttonquail,Common,Turnix,sylvaticus,0.4353,46,2022-04-26,0.0869,20,2022-06-14
153,Buzzard,Augur,Buteo,augur,23.1949,2451,2022-11-09,5.7847,1331,2022-11-11
154,Buzzard,Common,Buteo,buteo,5.0251,531,2022-11-04,0.9561,220,2022-11-05
2140,Buzzard,"Crested Honey",Pernis,ptilorhynchus,0.0095,1,2021-02-01,0.0000,0,-
2100,Buzzard,Grasshopper,Butastur,rufipennis,0.1609,17,2022-03-10,0.1912,44,2022-05-02
144,Buzzard,Lizard,Kaupifalco,monogrammicus,6.8042,719,2022-10-30,1.5298,352,2022-10-08
979,Buzzard,Long-legged,Buteo,rufinus,0.0095,1,2016-02-28,0.0087,2,2022-09-04
2112,Buzzard,Mountain,Buteo,oreophilus,1.2302,130,2022-11-05,0.4085,94,2022-10-17
627,Camaroptera,Green-backed,Camaroptera,brachyura,7.9871,844,2022-11-05,1.7689,407,2022-10-21
628,Camaroptera,Grey-backed,Camaroptera,brevicaudata,36.6235,3870,2022-11-09,6.2628,1441,2022-11-07
1189,Camaroptera,Olive-green,Camaroptera,chloronota,0.5773,61,2022-10-22,0.0782,18,2021-08-11
863,Canary,Brimstone,Crithagra,sulphurata,12.1510,1284,2022-11-05,1.9297,444,2022-11-07
4080,Canary,Papyrus,Crithagra,koliensis,0.0946,10,2021-12-11,0.0087,2,2021-08-15
4096,Canary,White-bellied,Crithagra,dorsostriata,4.6655,493,2022-11-03,0.7693,177,2022-10-27
4098,Canary,Yellow-crowned,Serinus,flavivertex,2.5457,269,2022-09-04,0.7823,180,2022-10-17
859,Canary,Yellow-fronted,Crithagra,mozambica,11.4224,1207,2022-11-05,2.4295,559,2022-10-20
2144,Cassin's,Hawk-Eagle,Aquila,africana,0.0095,1,2022-04-04,0.0043,1,2021-11-20
575,Chat,"Ant-eating ",Myrmecocichla,formicivora,0.0095,1,2019-10-09,0.0087,2,2020-10-18
2650,Chat,Anteater,Myrmecocichla,aethiops,7.7600,820,2022-11-05,2.6598,612,2022-11-07
2550,Chat,"Brown-tailed Rock",Oenanthe,scotocerca,0.7760,82,2022-09-20,0.1217,28,2022-10-08
570,Chat,Familiar,Oenanthe,familiaris,0.1325,14,2022-10-30,0.0087,2,2017-12-20
573,Chat,"Mocking Cliff",Thamnolaea,cinnamomeiventris,1.0126,107,2022-10-01,0.2260,52,2022-10-08
2552,Chat,Moorland,Pinarochroa,sordida,0.1987,21,2022-08-24,0.3998,92,2022-10-24
966,Chat,Sooty,Myrmecocichla,nigra,1.5236,161,2022-10-30,0.5693,131,2022-10-27
3456,Chatterer,Rufous,Argya,rubiginosa,7.0976,750,2022-11-05,1.1735,270,2022-10-20
14191,Chatterer,"Rufous ",Argya,rubiginosa,0.7571,80,2019-11-28,0.0782,18,2019-04-10
3440,Chatterer,Scaly,Argya,aylmeri,0.5205,55,2022-10-06,0.0739,17,2022-04-21
1054,Chiffchaff,Common,Phylloscopus,collybita,0.0662,7,2022-04-09,0.0043,1,2018-02-25
3108,Cisticola,Aberdare,Cisticola,aberdare,0.1609,17,2022-09-02,0.2260,52,2022-10-07
3124,Cisticola,Ashy,Cisticola,cinereolus,0.5205,55,2022-10-30,0.2043,47,2022-06-27
3130,Cisticola,Black-backed,Cisticola,eximius,0.0568,6,2021-04-14,0.0348,8,2022-08-05
3112,Cisticola,Boran,Cisticola,bodessa,0.1041,11,2020-10-10,0.0478,11,2022-09-02
3118,Cisticola,Carruthers's,Cisticola,carruthersi,0.3028,32,2022-01-09,0.0478,11,2021-11-07
3122,Cisticola,Chubb's,Cisticola,chubbi,1.2776,135,2022-11-08,0.2738,63,2021-11-21
3132,Cisticola,Coastal,Cisticola,haematocephalus,3.3784,357,2022-10-28,0.6476,149,2022-10-08
647,Cisticola,Croaking,Cisticola,natalensis,1.1167,118,2022-10-28,0.2303,53,2022-10-12
630,Cisticola,Desert,Cisticola,aridulus,1.3722,145,2022-11-03,0.2173,50,2022-10-03
632,Cisticola,Hunter's,Cisticola,hunteri,7.1638,757,2022-11-05,2.2469,517,2022-10-28
646,Cisticola,Levaillant's,Cisticola,tinniens,0.4164,44,2022-07-30,0.2434,56,2022-10-17
3102,Cisticola,Long-tailed,Cisticola,angusticauda,0.0662,7,2022-02-11,0.0348,8,2022-07-10
3138,Cisticola,Luapula,Cisticola,luapula,0.5583,59,2020-07-17,0.0826,19,2020-05-24
3104,Cisticola,Lynes's,Cisticola,distinctus,0.1514,16,2022-01-12,0.0869,20,2022-10-05
3114,Cisticola,Pectoral-patch,Cisticola,brunnescens,3.8138,403,2022-11-03,0.8562,197,2022-10-26
642,Cisticola,Rattling,Cisticola,chiniana,22.8069,2410,2022-11-09,5.3979,1242,2022-11-07
644,Cisticola,Red-faced,Cisticola,erythrops,6.9651,736,2022-11-04,0.9344,215,2022-10-28
3098,Cisticola,Rock-loving,Cisticola,emini,0.0757,8,2020-10-17,0.0087,2,2021-05-08
4138,Cisticola,Rufous-winged,Cisticola,galactotes,0.7476,79,2022-02-19,0.1130,26,2022-05-08
636,Cisticola,Short-winged,Cisticola,brachypterus,2.5457,269,2022-10-28,0.2695,62,2022-10-21
643,Cisticola,Singing,Cisticola,cantans,12.9554,1369,2022-11-09,2.4816,571,2022-11-03
3152,Cisticola,Stout,Cisticola,robustus,3.8138,403,2022-11-09,0.5954,137,2022-11-09
3146,Cisticola,Tiny,Cisticola,nana,1.0126,107,2022-10-30,0.2086,48,2022-10-16
3166,Cisticola,Trilling,Cisticola,woosnami,0.1041,11,2021-12-12,0.0478,11,2021-05-08
639,Cisticola,Wailing,Cisticola,lais,0.0852,9,2017-07-27,0.0130,3,2017-01-01
3136,Cisticola,Whistling,Cisticola,lateralis,0.0284,3,2020-12-22,0.0174,4,2018-01-20
3142,Cisticola,Winding,Cisticola,marginatus,7.6275,806,2022-11-09,1.3777,317,2022-11-05
634,Cisticola,Wing-snapping,Cisticola,ayresii,0.6814,72,2022-07-30,0.2608,60,2022-09-27
629,Cisticola,Zitting,Cisticola,juncidis,1.9400,205,2022-11-05,0.4042,93,2022-10-11
973,Citril,African,Crithagra,citrinelloides,16.3528,1728,2022-11-09,3.1292,720,2022-11-09
4084,Citril,"Southern ",Crithagra,hyposticta,1.0220,108,2022-10-07,0.0565,13,2022-07-15
4082,Citril,Western,Crithagra,frontalis,0.2177,23,2021-06-28,0.0130,3,2020-10-16
212,Coot,Red-knobbed,Fulica,cristata,4.3910,464,2022-11-09,1.4820,341,2022-11-08
3976,Cordonbleu,Blue-capped,Uraeginthus,cyanocephalus,1.5236,161,2022-10-09,0.4259,98,2022-10-15
3974,Cordonbleu,Red-cheeked,Uraeginthus,bengalus,37.8348,3998,2022-11-09,7.4319,1710,2022-11-11
9638,Cormorant,Great,Phalacrocorax,carbo,1.4574,154,2022-10-22,0.4216,97,2022-11-07
50,Cormorant,Reed,Microcarbo,africanus,19.2108,2030,2022-11-09,3.5073,807,2022-11-10
47,Cormorant,"White-breasted ",Phalacrocorax,lucidus,3.1419,332,2022-10-28,0.4868,112,2022-09-02
353,Coucal,Black,Centropus,grillii,0.0568,6,2022-06-14,0.0652,15,2022-07-12
1628,Coucal,Blue-headed,Centropus,monachus,0.9369,99,2022-09-05,0.2173,50,2022-07-24
355,Coucal,Senegal,Centropus,senegalensis,0.1703,18,2022-01-08,0.0087,2,2021-12-29
1036,Coucal,White-browed,Centropus,superciliosus,30.8981,3265,2022-11-05,5.8455,1345,2022-11-07
280,Courser,Bronze-winged,Rhinoptilus,chalcopterus,0.0284,3,2018-03-15,0.0174,4,2021-05-01
278,Courser,Double-banded,Rhinoptilus,africanus,0.8612,91,2022-10-23,0.2347,54,2022-10-03
2026,Courser,Somali,Cursorius,somalensis,0.4259,45,2022-10-07,0.4303,99,2022-10-10
277,Courser,Temminck's,Cursorius,temminckii,1.5331,162,2022-10-30,0.3912,90,2022-10-31
279,Courser,Three-banded,Rhinoptilus,cinctus,0.9463,100,2022-10-28,0.0913,21,2022-10-08
199,Crake,African,Crecopsis,egregia,0.1514,16,2022-10-27,0.0435,10,2021-07-06
203,Crake,Black,Zapornia,flavirostra,13.1542,1390,2022-11-09,1.8123,417,2022-11-09
198,Crake,Corn,Crex,crex,0.0189,2,2019-12-27,0.0087,2,2020-01-04
201,Crake,Spotted,Porzana,porzana,0.0095,1,2019-03-21,0.0043,1,2006-03-26
200,Crake,Striped,Aenigmatolimnas,marginalis,0.0000,0,-,0.0087,2,2018-06-24
214,Crane,"Grey Crowned",Balearica,regulorum,13.0027,1374,2022-11-09,4.1679,959,2022-11-09
532,Creeper,"African Spotted",Salpornis,salvadori,0.0095,1,2022-09-04,0.0043,1,2020-11-27
3726,Crimsonwing,Abyssinian,Cryptospiza,salvadorii,0.8139,86,2022-09-26,0.1434,33,2022-06-27
3426,Crombec,Northern,Sylvietta,brachyura,3.3784,357,2022-10-30,0.5824,134,2022-11-01
913,Crombec,Red-faced,Sylvietta,whytii,14.5642,1539,2022-11-09,1.6906,389,2022-11-09
3430,Crombec,"Somali ",Sylvietta,isabellina,0.1136,12,2022-10-08,0.0087,2,2022-10-09
3432,Crombec,White-browed,Sylvietta,leucophrys,0.5300,56,2022-03-05,0.0869,20,2022-09-20
523,Crow,Cape,Corvus,capensis,4.0030,423,2022-11-05,2.3947,551,2022-11-08
989,Crow,House,Corvus,splendens,13.8828,1467,2022-10-28,6.9538,1600,2022-11-06
522,Crow,Pied,Corvus,albus,34.3144,3626,2022-11-09,17.2802,3976,2022-11-11
2362,Crow,Somali,Corvus,edithae,0.5205,55,2022-10-08,0.7910,182,2022-10-08
341,Cuckoo,African,Cuculus,gularis,0.6246,66,2022-10-21,0.1869,43,2022-04-11
350,Cuckoo,"African Emerald",Chrysococcyx,cupreus,2.2334,236,2022-11-08,0.3694,85,2022-11-05
923,Cuckoo,"Barred Long-tailed",Cercococcyx,montanus,0.1136,12,2022-01-21,0.0130,3,2020-11-11
344,Cuckoo,Black,Cuculus,clamosus,2.6214,277,2022-11-08,0.3564,82,2022-06-22
340,Cuckoo,Common,Cuculus,canorus,1.3154,139,2022-04-29,0.2043,47,2022-05-14
352,Cuckoo,Diederik,Chrysococcyx,caprius,14.5547,1538,2022-10-30,2.5859,595,2022-11-08
346,Cuckoo,"Great Spotted",Clamator,glandarius,0.4637,49,2022-09-09,0.1347,31,2022-10-08
348,Cuckoo,Jacobin,Clamator,jacobinus,3.5488,375,2022-10-29,0.6476,149,2022-10-08
351,Cuckoo,Klaas's,Chrysococcyx,klaas,18.5956,1965,2022-11-09,3.2248,742,2022-11-09
4130,Cuckoo,"Lesser ",Cuculus,poliocephalus,0.0568,6,2019-11-27,0.0000,0,-
347,Cuckoo,Levaillant's,Clamator,levaillantii,0.5489,58,2022-09-02,0.1391,32,2022-09-02
1620,Cuckoo,Madagascan,Cuculus,rochii,0.0000,0,-,0.0043,1,2015-05-29
343,Cuckoo,Red-chested,Cuculus,solitarius,12.5674,1328,2022-11-09,2.6946,620,2022-11-09
345,Cuckoo,Thick-billed,Pachycoccyx,audeberti,0.2271,24,2022-04-12,0.0435,10,2022-10-07
127,Cuckoo-Hawk,African,Aviceda,cuculoides,0.2934,31,2022-10-28,0.0435,10,2021-08-13
513,Cuckooshrike,Black,Campephaga,flava,8.0534,851,2022-10-30,1.2082,278,2022-10-28
516,Cuckooshrike,"Grey ",Ceblepyris,caesius,1.2776,135,2022-10-18,0.1695,39,2022-09-20
2340,Cuckooshrike,"Petit's ",Campephaga,petiti,0.4542,48,2022-11-08,0.0391,9,2022-10-14
2344,Cuckooshrike,"Purple-throated ",Campephaga,quiscalina,0.5016,53,2022-11-05,0.0695,16,2022-02-17
515,Cuckooshrike,"White-breasted ",Ceblepyris,pectoralis,0.0095,1,2015-03-12,0.0000,0,-
267,Curlew,Eurasian,Numenius,arquata,1.4574,154,2022-10-15,0.3216,74,2022-10-08
52,Darter,African,Anhinga,rufa,5.4699,578,2022-11-09,0.8040,185,2022-11-09
1890,Dove,"Black-billed Wood",Turtur,abyssinicus,0.0095,1,2022-05-03,0.0000,0,-
320,Dove,"Blue-spotted Wood",Turtur,afer,2.4321,257,2022-10-25,0.2782,64,2022-10-01
316,Dove,"Cape Turtle",Streptopelia,capicola,43.7873,4627,2022-11-09,11.7258,2698,2022-11-11
1874,Dove,"Dusky Turtle",Streptopelia,lugens,6.4824,685,2022-10-28,1.0952,252,2022-10-13
321,Dove,"Emerald-spotted Wood",Turtur,chalcospilos,38.5918,4078,2022-11-09,7.8839,1814,2022-11-05
317,Dove,Laughing,Spilopelia,senegalensis,19.6082,2072,2022-11-05,5.5022,1266,2022-10-28
322,Dove,Lemon,Columba,larvata,0.7192,76,2022-07-20,0.1347,31,2022-10-26
315,Dove,"Mourning Collared",Streptopelia,decipiens,9.4256,996,2022-10-30,2.3556,542,2022-10-20
318,Dove,Namaqua,Oena,capensis,11.2047,1184,2022-11-03,3.0988,713,2022-11-07
314,Dove,Red-eyed,Streptopelia,semitorquata,46.6452,4929,2022-11-09,9.6832,2228,2022-11-09
940,Dove,Rock,Columba,livia,2.0346,215,2022-06-29,2.1296,490,2022-10-01
319,Dove,Tambourine,Turtur,tympanistria,11.6495,1231,2022-11-05,1.7993,414,2022-11-05
1880,Dove,Vinaceous,Streptopelia,vinacea,0.0095,1,2022-05-03,0.0000,0,-
518,Drongo,"Common Square-tailed",Dicrurus,ludwigii,0.3691,39,2022-10-22,0.0435,10,2022-05-24
517,Drongo,Fork-tailed,Dicrurus,adsimilis,44.0901,4659,2022-11-09,1.1430,263,2022-11-06
95,Duck,"African Black",Anas,sparsa,2.3942,253,2022-11-09,0.7128,164,2022-11-09
101,Duck,"Fulvous Whistling",Dendrocygna,bicolor,0.9653,102,2022-05-14,0.1738,40,2022-02-06
91,Duck,Knob-billed,Sarkidiornis,melanotos,2.4605,260,2022-11-03,0.5824,134,2022-10-04
103,Duck,Maccoa,Oxyura,maccoa,0.1230,13,2022-02-23,0.0217,5,2021-07-04
1294,Duck,Ring-necked,Aythya,collaris,0.0095,1,2014-07-28,0.0000,0,-
104,Duck,White-backed,Thalassornis,leuconotus,1.1545,122,2022-10-24,0.2955,68,2022-10-04
100,Duck,"White-faced Whistling",Dendrocygna,viduata,8.3089,878,2022-11-04,1.7167,395,2022-11-10
96,Duck,Yellow-billed,Anas,undulata,8.5833,907,2022-11-09,2.4208,557,2022-11-09
149,Eagle,"African Fish",Haliaeetus,vocifer,20.0246,2116,2022-11-09,4.1592,957,2022-11-09
2116,Eagle,"Beaudouin's Snake ",Circaetus,beaudouini,0.0095,1,2015-08-11,0.0043,1,2021-02-05
146,Eagle,"Black-chested Snake",Circaetus,pectoralis,4.4100,466,2022-11-05,1.0040,231,2022-11-05
139,Eagle,Booted,Hieraaetus,pennatus,1.4006,148,2022-03-14,0.1043,24,2022-10-28
145,Eagle,"Brown Snake ",Circaetus,cinereus,2.7728,293,2022-11-03,0.9518,219,2022-10-26
143,Eagle,"Crowned ",Stephanoaetus,coronatus,3.2081,339,2022-11-08,0.7084,163,2022-10-27
2096,Eagle,"Eastern Imperial",Aquila,heliaca,0.0379,4,2022-05-03,0.0043,1,2003-12-02
1098,Eagle,"Greater Spotted",Clanga,clanga,0.0852,9,2022-01-08,0.0304,7,2021-02-15
136,Eagle,"Lesser Spotted",Clanga,pomarina,0.1041,11,2021-11-30,0.0348,8,2021-12-03
138,Eagle,Long-crested,Lophaetus,occipitalis,9.2931,982,2022-11-04,2.1035,484,2022-11-06
142,Eagle,Martial,Polemaetus,bellicosus,6.7380,712,2022-10-28,1.4516,334,2022-10-08
147,Eagle,"Southern Banded Snake ",Circaetus,fasciolatus,1.0126,107,2022-10-28,0.1869,43,2022-10-07
135,Eagle,Steppe,Aquila,nipalensis,2.2144,234,2022-10-28,0.6171,142,2022-11-05
134,Eagle,Tawny,Aquila,rapax,10.9208,1154,2022-11-04,2.7598,635,2022-11-11
133,Eagle,Verreaux's,Aquila,verreauxii,2.2334,236,2022-10-08,0.3825,88,2022-10-28
137,Eagle,Wahlberg's,Hieraaetus,wahlbergi,4.3248,457,2022-10-30,0.8431,194,2022-10-07
148,Eagle,"Western Banded Snake ",Circaetus,cinerascens,0.2744,29,2022-10-30,0.0826,19,2022-07-31
367,Eagle-Owl,Cape,Bubo,capensis,0.0284,3,2021-02-19,0.0739,17,2022-10-03
1754,Eagle-Owl,Greyish,Bubo,cinerascens,0.3028,32,2022-10-01,0.0435,10,2022-10-08
368,Eagle-Owl,Spotted,Bubo,africanus,1.5047,159,2022-10-25,0.1999,46,2022-11-08
369,Eagle-Owl,Verreaux's,Bubo,lacteus,3.9368,416,2022-10-29,0.7041,162,2022-10-28
2188,Egret,Dimorphic,Egretta,dimorpha,3.5488,375,2022-10-28,0.7910,182,2022-10-08
58,Egret,Great,Ardea,alba,14.5737,1540,2022-11-03,3.2205,741,2022-11-08
60,Egret,Intermediate,Ardea,intermedia,8.2616,873,2022-11-09,1.9731,454,2022-11-09
59,Egret,Little,Egretta,garzetta,8.8010,930,2022-10-28,2.3469,540,2022-11-08
61,Egret,"Western Cattle",Bubulcus,ibis,22.0214,2327,2022-11-05,8.2359,1895,2022-11-09
3262,Eremomela,Green-backed,Eremomela,canescens,0.0284,3,2022-09-02,0.0174,4,2022-04-12
602,Eremomela,Green-capped,Eremomela,scotops,0.1136,12,2021-10-08,0.0174,4,2022-02-13
3272,Eremomela,Turner's,Eremomela,turneri,0.5205,55,2022-10-22,0.1043,24,2021-08-13
600,Eremomela,Yellow-bellied,Eremomela,icteropygialis,2.8674,303,2022-10-12,0.2912,67,2022-10-08
3268,Eremomela,Yellow-vented,Eremomela,flavicrissalis,0.1609,17,2022-10-08,0.0782,18,2022-05-16
119,Falcon,Amur,Falco,amurensis,0.5205,55,2022-04-04,0.1043,24,2022-04-30
2148,Falcon,Barbary,Falco,pelegrinoides,0.0000,0,-,0.0043,1,2000-11-06
992,Falcon,Eleonora's,Falco,eleonorae,0.0568,6,2019-04-08,0.0217,5,2020-10-31
114,Falcon,Lanner,Falco,biarmicus,3.8989,412,2022-11-08,0.5650,130,2022-10-08
113,Falcon,Peregrine,Falco,peregrinus,0.8422,89,2022-10-23,0.2695,62,2022-07-14
126,Falcon,Pygmy,Polihierax,semitorquatus,3.0567,323,2022-11-03,1.1821,272,2022-10-09
120,Falcon,Red-footed,Falco,vespertinus,0.0095,1,2021-02-21,0.0087,2,2021-05-08
117,Falcon,Red-necked,Falco,chicquera,0.1987,21,2022-07-21,0.0565,13,2022-05-01
888,Falcon,Sooty,Falco,concolor,0.1136,12,2022-10-30,0.0304,7,2022-03-30
887,Falcon,Taita,Falco,fasciinucha,0.0095,1,2017-03-14,0.0043,1,2021-07-22
854,Finch,Cuckoo,Anomalospiza,imberbis,0.4069,43,2022-09-26,0.0261,6,2021-07-30
821,Finch,Cut-throat,Amadina,fasciata,2.2996,243,2022-10-08,0.5824,134,2022-10-07
477,Finch,Oriole,Linurgus,olivaceus,0.1420,15,2022-04-04,0.0217,5,2020-04-26
213,Finfoot,African,Podica,senegalensis,0.0662,7,2022-05-30,0.0043,1,2017-07-02
833,Firefinch,African,Lagonosticta,rubricata,3.2081,339,2022-10-20,1.0474,241,2022-10-15
3768,Firefinch,Bar-breasted,Lagonosticta,rufopicta,0.3218,34,2022-01-08,0.0348,8,2022-04-24
3778,Firefinch,Black-bellied,Lagonosticta,rara,0.0284,3,2021-07-29,0.0000,0,-
835,Firefinch,Jameson's,Lagonosticta,rhodopareia,0.7192,76,2022-08-28,0.2347,54,2022-10-07
837,Firefinch,Red-billed,Lagonosticta,senegala,28.0401,2963,2022-11-09,4.5504,1047,2022-11-09
2284,Fiscal,Grey-backed,Lanius,excubitoroides,7.1354,754,2022-10-25,1.9036,438,2022-11-07
2278,Fiscal,Long-tailed,Lanius,cabanisi,13.4002,1416,2022-11-05,3.2509,748,2022-10-28
7887,Fiscal,Northern,Lanius,humeralis,25.0970,2652,2022-11-09,7.2320,1664,2022-11-09
2298,Fiscal,Somali,Lanius,somalicus,0.5205,55,2022-09-26,0.4868,112,2022-05-01
707,Fiscal,"Southern ",Lanius,collaris,0.2555,27,2022-10-04,0.0652,15,2022-10-28
2280,Fiscal,Taita,Lanius,dorsalis,4.5898,485,2022-11-03,2.0861,480,2022-10-09
86,Flamingo,"Greater ",Phoenicopterus,roseus,3.2176,340,2022-11-09,0.9083,209,2022-11-08
87,Flamingo,Lesser,Phoeniconaias,minor,2.9999,317,2022-11-09,1.0822,249,2022-11-07
206,Flufftail,Buff-spotted,Sarothrura,elegans,0.0095,1,2020-10-16,0.0174,4,2022-02-17
205,Flufftail,Red-chested,Sarothrura,rufa,0.1798,19,2021-10-09,0.0217,5,2019-05-30
892,Flufftail,Streaky-breasted,Sarothrura,boehmi,0.0000,0,-,0.0043,1,2019-12-09
207,Flufftail,Striped,Sarothrura,affinis,0.0095,1,2017-12-25,0.0000,0,-
1944,Flufftail,White-spotted,Sarothrura,pulchra,0.3218,34,2022-10-22,0.0261,6,2022-11-09
1127,Flycatcher,"African Blue ",Elminia,longicauda,3.4258,362,2022-11-08,0.5650,130,2022-10-18
655,Flycatcher,"African Dusky",Muscicapa,adusta,9.5202,1006,2022-11-09,1.8384,423,2022-11-09
2544,Flycatcher,"African Grey",Melaenornis,microrhynchus,14.6021,1543,2022-11-05,2.3556,542,2022-10-28
682,Flycatcher,"African Paradise",Terpsiphone,viridis,36.1597,3821,2022-11-09,6.7061,1543,2022-11-09
656,Flycatcher,Ashy,Muscicapa,caerulescens,1.4952,158,2022-11-08,0.3129,72,2022-08-25
680,Flycatcher,"Blue-mantled Crested",Trochocercus,cyanomelas,0.7098,75,2022-10-21,0.1391,32,2022-07-02
2638,Flycatcher,Chapin's,Muscicapa,lendu,0.0946,10,2022-10-22,0.0261,6,2021-08-13
1128,Flycatcher,"Dusky Crested",Elminia,nigromitrata,0.0757,8,2021-12-23,0.0130,3,2021-08-11
1022,Flycatcher,"European Pied",Ficedula,hypoleuca,0.1041,11,2021-11-28,0.0348,8,2021-04-15
2634,Flycatcher,Gambaga,Muscicapa,gambagae,0.4164,44,2022-04-10,0.0304,7,2020-12-13
2408,Flycatcher,"Little Yellow",Erythrocercus,holochlorus,1.3154,139,2022-10-15,0.2608,60,2022-08-21
2608,Flycatcher,"Northern Black",Melaenornis,edolioides,3.4920,369,2022-11-08,0.3564,82,2022-11-11
662,Flycatcher,Pale,Melaenornis,pallidus,11.6779,1234,2022-10-27,1.8036,415,2022-10-15
2584,Flycatcher,Semicollared,Ficedula,semitorquata,0.0000,0,-,0.0087,2,2019-02-28
664,Flycatcher,"Southern Black",Melaenornis,pammelaina,5.4793,579,2022-11-09,0.8475,195,2022-11-09
654,Flycatcher,Spotted,Muscicapa,striata,11.4791,1213,2022-11-09,1.8558,427,2022-11-01
1063,Flycatcher,Swamp,Muscicapa,aquatica,0.9558,101,2022-10-21,0.1130,26,2022-10-12
2600,Flycatcher,"White-eyed Slaty",Melaenornis,fischeri,21.7186,2295,2022-11-09,4.7720,1098,2022-11-11
681,Flycatcher,"White-tailed Crested",Elminia,albonotata,0.7665,81,2022-10-18,0.1000,23,2022-09-20
173,Francolin,Coqui,Peliperdix,coqui,2.7822,294,2022-11-04,0.7693,177,2022-10-31
174,Francolin,Crested,Dendroperdix,sephaena,19.0026,2008,2022-11-03,3.4161,786,2022-11-05
1254,Francolin,Moorland,Scleroptila,psilolaema,0.0000,0,-,0.0217,5,2021-07-30
178,Francolin,Red-winged,Scleroptila,levaillantii,0.0189,2,2022-06-13,0.0304,7,2021-05-08
1256,Francolin,Ring-necked,Scleroptila,streptophora,0.0095,1,2018-06-07,0.0000,0,-
177,Francolin,Shelley's,Scleroptila,shelleyi,1.2965,137,2022-10-22,0.1782,41,2022-10-02
1013,Frigatebird,Lesser,Fregata,ariel,0.0189,2,2021-10-25,0.0261,6,2021-11-02
209,Gallinule,Allen's,Porphyrio,alleni,0.9274,98,2022-10-27,0.0435,10,2022-06-20
1700,Go-away-bird,Bare-faced,Crinifer,personatus,2.5362,268,2022-11-05,0.4216,97,2022-10-08
1698,Go-away-bird,White-bellied,Crinifer,leucogaster,17.7155,1872,2022-11-03,4.4070,1014,2022-11-02
266,Godwit,Bar-tailed,Limosa,lapponica,0.6719,71,2022-10-21,0.1738,40,2022-10-08
265,Godwit,Black-tailed,Limosa,limosa,0.8328,88,2022-09-26,0.1956,45,2022-11-08
2428,Gonolek,Black-headed,Laniarius,erythrogaster,2.9053,307,2022-10-25,0.5085,117,2022-10-15
2438,Gonolek,Papyrus,Laniarius,mufumbiri,0.2744,29,2022-08-27,0.0478,11,2022-09-28
92,Goose,"African Pygmy",Nettapus,auritus,1.0599,112,2022-10-22,0.1347,31,2022-05-14
89,Goose,Egyptian,Alopochen,aegyptiaca,30.2735,3199,2022-11-09,8.1751,1881,2022-11-08
88,Goose,Spur-winged,Plectropterus,gambensis,2.1955,232,2022-10-30,0.5737,132,2022-11-08
160,Goshawk,African,Accipiter,tachiro,6.8137,720,2022-11-04,1.3516,311,2022-10-27
163,Goshawk,"Dark Chanting",Melierax,metabates,0.5583,59,2022-09-04,0.2217,51,2022-10-17
2136,Goshawk,"Eastern Chanting",Melierax,poliopterus,6.8042,719,2022-11-03,2.8771,662,2022-10-25
162,Goshawk,Gabar,Micronisus,gabar,7.0692,747,2022-10-30,1.4516,334,2022-10-22
165,Goshawk,"Pale Chanting",Melierax,canorus,0.0189,2,2021-10-08,0.0043,1,2021-10-14
616,Grassbird,Fan-tailed,Catriscus,brevirostris,0.1041,11,2022-07-30,0.0217,5,2022-02-13
5,Grebe,Black-necked,Podiceps,nigricollis,0.1230,13,2021-02-01,0.0304,7,2021-01-09
4,Grebe,"Great Crested",Podiceps,cristatus,0.0757,8,2022-07-30,0.0087,2,2021-12-07
6,Grebe,Little,Tachybaptus,ruficollis,11.5832,1224,2022-11-09,2.4034,553,2022-11-09
2944,Greenbul,Ansorge's,Eurillas,ansorgei,0.3218,34,2022-11-08,0.0565,13,2021-10-24
1086,Greenbul,Cabanis's,Phyllastrephus,cabanisi,3.3974,359,2022-11-08,0.5302,122,2022-09-14
2998,Greenbul,Fischer's,Phyllastrephus,fischeri,1.2397,131,2022-10-21,0.2695,62,2022-10-15
965,Greenbul,Grey-olive,Phyllastrephus,cerviniventris,0.8422,89,2022-09-28,0.0608,14,2022-09-28
1113,Greenbul,Honeyguide,Baeopogon,indicator,0.1893,20,2022-11-08,0.0174,4,2020-12-26
2972,Greenbul,Joyful,Chlorocichla,laetissima,0.9274,98,2022-11-08,0.1130,26,2021-11-30
2952,Greenbul,Kakamega,Arizelocichla,kakamegae,0.3028,32,2022-11-08,0.0391,9,2022-05-24
565,Greenbul,Little,Eurillas,virens,0.3880,41,2022-11-08,0.0608,14,2022-10-16
2950,Greenbul,"Little Grey",Eurillas,gracilis,0.3123,33,2022-11-08,0.0261,6,2022-10-14
548,Greenbul,"Lowland Tiny",Phyllastrephus,debilis,0.6719,71,2022-10-06,0.1347,31,2022-10-16
2942,Greenbul,"Mountain ",Arizelocichla,nigriceps,1.0883,115,2022-10-05,0.1912,44,2022-07-16
2954,Greenbul,"Olive-breasted ",Arizelocichla,kikuyuensis,0.4164,44,2022-10-18,0.0869,20,2022-07-16
541,Greenbul,Placid,Phyllastrephus,placidus,0.7003,74,2022-10-18,0.1565,36,2022-10-01
2946,Greenbul,Plain,Eurillas,curvirostris,0.0379,4,2022-01-26,0.0043,1,2015-10-27
555,Greenbul,Shelley's,Arizelocichla,masukuensis,0.1609,17,2022-09-11,0.0348,8,2022-10-14
2948,Greenbul,Slender-billed,Stelgidillas,gracilirostris,1.6277,172,2022-11-08,0.2521,58,2022-03-29
551,Greenbul,Sombre,Andropadus,importunus,12.1889,1288,2022-11-09,3.3813,778,2022-10-20
549,Greenbul,Stripe-cheeked,Arizelocichla,milanjensis,0.1703,18,2022-07-02,0.0869,20,2022-07-10
2958,Greenbul,Stripe-faced,Arizelocichla,striifacies,0.0284,3,2022-02-22,0.0348,8,2022-05-14
3012,Greenbul,"Toro Olive",Phyllastrephus,hypochloris,0.1703,18,2022-10-22,0.0043,1,2021-08-11
550,Greenbul,Yellow-bellied,Chlorocichla,flaviventris,5.9714,631,2022-10-27,1.6168,372,2022-10-20
1111,Greenbul,Yellow-whiskered,Eurillas,latirostris,7.8073,825,2022-11-09,1.5994,368,2022-11-09
945,Greenbul,"Zanzibar Sombre ",Andropadus,"importunus insularis",5.6686,599,2021-11-25,0.9040,208,2021-05-08
263,Greenshank,Common,Tringa,nebularia,9.6338,1018,2022-10-28,2.3165,533,2022-11-08
3978,Grenadier,Purple,Granatina,ianthinogaster,20.8385,2202,2022-11-05,3.7420,861,2022-11-05
4094,Grosbeak-Canary,Northern,Crithagra,donaldsoni,0.0568,6,2021-03-14,0.0043,1,2021-10-09
4086,Grosbeak-Canary,Southern,Crithagra,buchanani,0.8990,95,2022-01-23,0.1304,30,2022-07-16
193,Guineafowl,Crested,Guttera,pucherani,1.0694,113,2022-10-15,0.2173,50,2022-10-27
192,Guineafowl,Helmeted,Numida,meleagris,18.1508,1918,2022-11-05,4.5808,1054,2022-11-07
1260,Guineafowl,Vulturine,Acryllium,vulturinum,3.9746,420,2022-11-03,1.3430,309,2022-10-09
933,Gull,Black-headed,Chroicocephalus,ridibundus,0.3596,38,2022-10-16,0.1565,36,2022-07-16
288,Gull,Grey-headed,Chroicocephalus,cirrocephalus,3.3406,353,2022-11-09,1.0865,250,2022-11-07
2042,Gull,Heuglin's,Larus,heuglini,0.0757,8,2018-04-16,0.0174,4,2017-11-12
4136,Gull,"Lesser Black-backed",Larus,fuscus,0.7476,79,2022-08-31,0.3216,74,2022-10-08
2052,Gull,"Mew ",Larus,canus,0.0189,2,2019-11-23,0.0000,0,-
1078,Gull,Slender-billed,Chroicocephalus,genei,0.0284,3,2022-07-16,0.0217,5,2022-05-08
2058,Gull,Sooty,Ichthyaetus,hemprichii,2.0536,217,2022-10-21,0.6823,157,2022-10-27
167,Harrier,"African Marsh",Circus,ranivorus,0.6908,73,2022-03-09,0.1999,46,2022-07-29
170,Harrier,Montagu's,Circus,pygargus,2.3469,248,2022-11-03,0.5172,119,2022-10-18
168,Harrier,Pallid,Circus,macrourus,2.5078,265,2022-11-04,0.5737,132,2022-11-08
166,Harrier,"Western Marsh",Circus,aeruginosus,3.0188,319,2022-10-30,0.6823,157,2022-04-02
171,Harrier-Hawk,African,Polyboroides,typus,11.6400,1230,2022-11-04,2.3643,544,2022-11-11
131,Hawk,Bat,Macheiramphus,alcinus,0.3975,42,2022-08-27,0.1130,26,2022-06-16
141,Hawk-eagle,African,Aquila,spilogaster,4.1450,438,2022-11-03,0.7388,170,2022-10-28
140,Hawk-Eagle,Ayre's,Hieraaetus,ayresii,1.7129,181,2022-09-11,0.2738,63,2022-07-30
729,Helmetshrike,Chestnut-fronted,Prionops,scopifrons,2.2712,240,2022-10-21,0.6302,145,2022-10-20
2478,Helmetshrike,Grey-crested,Prionops,poliolophus,0.2271,24,2022-03-28,0.1000,23,2022-05-20
728,Helmetshrike,Retz's,Prionops,retzii,2.9526,312,2022-10-29,0.7345,169,2022-10-27
727,Helmetshrike,White-crested,Prionops,plumatus,3.2743,346,2022-10-30,0.6302,145,2022-11-01
64,Heron,Black,Egretta,ardesiaca,1.5899,168,2022-10-22,0.3694,85,2022-11-04
69,Heron,"Black-crowned Night",Nycticorax,nycticorax,3.2270,341,2022-11-03,0.6650,153,2022-10-27
55,Heron,Black-headed,Ardea,melanocephala,26.2705,2776,2022-11-05,6.7626,1556,2022-11-09
56,Heron,Goliath,Ardea,goliath,2.8674,303,2022-11-03,0.7388,170,2022-11-08
54,Heron,Grey,Ardea,cinerea,22.2296,2349,2022-11-09,6.3236,1455,2022-11-10
883,Heron,"Malagasy Pond",Ardeola,idae,1.7602,186,2022-10-22,0.0956,22,2022-07-30
57,Heron,Purple,Ardea,purpurea,4.2302,447,2022-10-22,0.7693,177,2022-10-08
65,Heron,Rufous-bellied,Ardeola,rufiventris,0.1325,14,2022-06-13,0.1087,25,2022-02-13
62,Heron,Squacco,Ardeola,ralloides,5.3279,563,2022-11-02,1.1430,263,2022-11-08
63,Heron,Striated,Butorides,striata,6.5771,695,2022-11-04,1.0387,239,2022-11-10
2190,Heron,"Western Reef",Egretta,gularis,0.0852,9,2022-02-27,0.0261,6,2020-11-30
70,Heron,"White-backed Night",Gorsachius,leuconotus,0.0946,10,2021-06-13,0.0391,9,2022-11-01
116,Hobby,African,Falco,cuvierii,0.2082,22,2022-09-01,0.0435,10,2021-09-04
115,Hobby,Eurasian,Falco,subbuteo,0.7665,81,2022-05-01,0.0913,21,2022-05-02
132,Honey-buzzard,European,Pernis,apivorus,0.5205,55,2022-10-03,0.0565,13,2022-05-02
443,Honeybird,Brown-backed,Prodotiscus,regulus,0.4542,48,2022-08-21,0.0304,7,2022-10-05
1364,Honeybird,Cassin's,Prodotiscus,insignis,0.0189,2,2021-08-31,0.0043,1,2019-08-01
444,Honeybird,Green-backed,Prodotiscus,zambesiae,2.6876,284,2022-10-25,0.2521,58,2022-10-19
440,Honeyguide,Greater,Indicator,indicator,5.7159,604,2022-11-05,0.7519,173,2022-10-29
1132,Honeyguide,Least,Indicator,exilis,0.1609,17,2022-01-25,0.0261,6,2021-11-30
442,Honeyguide,Lesser,Indicator,minor,6.2837,664,2022-11-09,0.6997,161,2022-10-27
906,Honeyguide,Pallid,Indicator,meliphilus,0.7949,84,2022-10-03,0.1782,41,2022-10-28
441,Honeyguide,Scaly-throated,Indicator,variegatus,1.5047,159,2022-10-29,0.2955,68,2022-09-25
1350,Honeyguide,Thick-billed,Indicator,conirostris,0.0473,5,2021-11-11,0.0043,1,2020-11-19
418,Hoopoe,African,Upupa,africana,9.5486,1009,2022-11-05,2.1600,497,2022-11-09
1512,Hoopoe,Eurasian,Upupa,epops,2.6119,276,2022-09-20,0.3998,92,2022-11-07
1510,Hornbill,"Abyssinian Ground ",Bucorvus,abyssinicus,0.0568,6,2019-10-03,0.0000,0,-
424,Hornbill,"African Grey",Lophoceros,nasutus,9.1890,971,2022-10-30,2.4903,573,2022-11-08
1484,Hornbill,Black-and-white-casqued,Bycanistes,subcylindricus,1.8643,197,2022-11-08,0.3825,88,2022-09-24
427,Hornbill,Crowned,Lophoceros,alboterminatus,5.3374,564,2022-11-05,1.4255,328,2022-10-27
1494,Hornbill,"Eastern Yellow-billed ",Tockus,flavirostris,3.9368,416,2022-11-03,1.0300,237,2022-10-21
1498,Hornbill,Hemprich's,Lophoceros,hemprichii,0.3501,37,2022-09-20,0.0522,12,2022-10-08
1500,Hornbill,Jackson's,Tockus,jacksoni,0.6908,73,2022-10-01,0.1434,33,2022-10-08
1508,Hornbill,"Northern Red-billed",Tockus,erythrorhynchus,5.5645,588,2022-11-03,2.0296,467,2022-10-20
423,Hornbill,Silvery-cheeked,Bycanistes,brevis,4.3910,464,2022-11-05,1.4560,335,2022-11-07
430,Hornbill,"Southern Ground ",Bucorvus,leadbeateri,1.6750,177,2022-10-30,0.6345,146,2022-10-27
4129,Hornbill,"Southern Red-billed",Tockus,rufirostris,4.1734,441,2022-07-16,0.9996,230,2022-10-21
422,Hornbill,Trumpeter,Bycanistes,bucinator,3.3406,353,2022-10-28,0.8214,189,2022-10-27
1490,Hornbill,"Von der Decken's",Tockus,deckeni,12.6147,1333,2022-10-30,3.4943,804,2022-11-01
3282,Hylia,Green,Hylia,prasina,0.2271,24,2022-11-08,0.0348,8,2020-10-17
668,Hyliota,Southern,Hyliota,australis,0.2082,22,2022-10-22,0.0478,11,2021-04-12
81,Ibis,"African Sacred",Threskiornis,aethiopicus,28.5228,3014,2022-11-09,9.4528,2175,2022-11-10
83,Ibis,Glossy,Plegadis,falcinellus,4.7033,497,2022-11-02,1.3212,304,2022-11-08
84,Ibis,"Hadada ",Bostrychia,hagedash,47.6105,5031,2022-11-09,15.3114,3523,2022-11-11
2202,Ibis,Olive,Bostrychia,olivacea,0.1987,21,2022-11-05,0.0348,8,2022-04-20
3292,Illadopsis,Mountain,Illadopsis,pyrrhoptera,0.1514,16,2021-05-08,0.0348,8,2021-11-21
1193,Illadopsis,Scaly-breasted,Illadopsis,albipectus,0.3218,34,2022-11-08,0.0130,3,2020-10-17
850,Indigobird,Purple,Vidua,purpurascens,0.0379,4,2019-07-28,0.0174,4,2022-05-14
851,Indigobird,Village,Vidua,chalybeata,7.5613,799,2022-10-27,1.3212,304,2022-10-19
228,Jacana,African,Actophilornis,africanus,10.4571,1105,2022-11-03,2.5164,579,2022-11-09
229,Jacana,Lesser,Microparra,capensis,0.3312,35,2022-09-30,0.1304,30,2022-07-16
284,Jaeger,Parasitic,Stercorarius,parasiticus,0.0095,1,2021-05-20,0.0087,2,2021-05-20
285,Jaeger,Pomarine,Stercorarius,pomarinus,0.0095,1,2021-05-08,0.0000,0,-
2162,Kestrel,Common,Falco,tinnunculus,1.8832,199,2022-11-03,0.4911,113,2022-10-27
121,Kestrel,Dickinson's,Falco,dickinsoni,0.0000,0,-,0.0043,1,2019-05-18
2152,Kestrel,Fox,Falco,alopex,0.0568,6,2022-05-04,0.0217,5,2022-05-02
122,Kestrel,Greater,Falco,rupicoloides,0.3785,40,2022-05-06,0.3216,74,2022-04-30
889,Kestrel,Grey,Falco,ardosiaceus,0.3691,39,2022-10-05,0.1695,39,2022-10-27
125,Kestrel,Lesser,Falco,naumanni,1.2492,132,2022-10-28,0.3042,70,2022-05-08
123,Kestrel,Rock,Falco,rupicolus,0.1514,16,2022-02-06,0.0174,4,2021-01-31
398,Kingfisher,"African Pygmy",Ispidina,picta,4.6465,491,2022-11-08,0.5607,129,2022-10-21
402,Kingfisher,Brown-hooded,Halcyon,albiventris,3.7475,396,2022-10-28,0.8040,185,2022-11-02
395,Kingfisher,Giant,Megaceryle,maxima,4.1450,438,2022-10-25,0.8779,202,2022-10-21
401,Kingfisher,Grey-headed,Halcyon,leucocephala,17.1856,1816,2022-11-09,4.1114,946,2022-11-09
397,Kingfisher,Malachite,Corythornis,cristatus,14.2519,1506,2022-11-03,2.2513,518,2022-10-28
400,Kingfisher,Mangrove,Halcyon,senegaloides,3.2933,348,2022-10-21,0.6258,144,2022-09-27
394,Kingfisher,Pied,Ceryle,rudis,20.1382,2128,2022-11-09,3.8289,881,2022-11-10
403,Kingfisher,Striped,Halcyon,chelicuti,11.9145,1259,2022-11-09,2.2296,513,2022-11-11
399,Kingfisher,Woodland,Halcyon,senegalensis,2.2144,234,2022-11-03,0.5215,120,2022-10-12
128,Kite,Black,Milvus,migrans,10.5044,1110,2022-11-05,5.3066,1221,2022-11-11
14189,Kite,Black,Milvus,migrans,0.2839,30,2018-10-04,0.0826,19,2021-07-31
130,Kite,"Black-winged ",Elanus,caeruleus,10.2110,1079,2022-11-03,2.6859,618,2022-10-28
2114,Kite,Scissor-tailed,Chelictinia,riocourii,0.0946,10,2022-05-04,0.0304,7,2021-11-03
129,Kite,Yellow-billed,Milvus,aegyptius,19.2959,2039,2022-11-09,7.4319,1710,2022-11-11
247,Lapwing,"African Wattled",Vanellus,senegallus,1.3627,144,2022-11-04,0.4737,109,2022-10-01
2020,Lapwing,Black-headed,Vanellus,tectus,1.8075,191,2022-10-08,0.7736,178,2022-10-09
243,Lapwing,Black-winged,Vanellus,melanopterus,2.2050,233,2022-10-23,0.8431,194,2022-11-02
245,Lapwing,Blacksmith,Vanellus,armatus,12.8040,1353,2022-11-09,3.7594,865,2022-11-08
2018,Lapwing,Brown-chested,Vanellus,superciliosus,0.0000,0,-,0.0043,1,2019-10-17
242,Lapwing,Crowned,Vanellus,coronatus,16.4001,1733,2022-11-04,4.1245,949,2022-11-11
248,Lapwing,Long-toed,Vanellus,crassirostris,4.0598,429,2022-10-24,0.9344,215,2022-11-08
244,Lapwing,Senegal,Vanellus,lugubris,1.9684,208,2022-07-13,0.5172,119,2022-09-09
1031,Lapwing,Spur-winged,Vanellus,spinosus,13.1731,1392,2022-11-05,3.7551,864,2022-11-10
3482,Lark,"Athi Short-toed",Alaudala,athensis,0.0946,10,2020-04-04,0.0000,0,-
3536,Lark,Collared,Mirafra,collaris,0.0095,1,2019-12-27,0.0000,0,-
3506,Lark,Crested,Galerida,cristata,0.2555,27,2022-05-06,0.2086,48,2022-05-08
459,Lark,Fawn-colored,Calendulauda,africanoides,3.4163,361,2022-10-11,0.5259,121,2022-09-20
468,Lark,Flappet,Mirafra,rufocinnamomea,3.4258,362,2022-10-28,0.6432,148,2022-10-15
3522,Lark,Foxy,Calendulauda,alopex,0.3880,41,2022-11-03,0.1565,36,2022-09-17
3552,Lark,Friedmann's,Mirafra,pulpa,0.0189,2,2016-07-29,0.0000,0,-
456,Lark,Melodious,Mirafra,cheniana,0.0189,2,2020-09-04,0.0217,5,2022-05-21
3520,Lark,Pink-breasted,Calendulauda,poecilosterna,3.0472,322,2022-11-03,1.4255,328,2022-10-25
488,Lark,Red-capped,Calandrella,cinerea,4.9778,526,2022-11-03,1.2517,288,2022-10-03
3546,Lark,Red-winged,Mirafra,hypermetra,1.1735,124,2022-11-03,0.8171,188,2022-10-09
458,Lark,Rufous-naped,Mirafra,africana,10.6937,1130,2022-11-05,2.7468,632,2022-11-07
3562,Lark,Short-tailed,Spizocorys,fremantlii,0.7571,80,2022-01-23,0.1652,38,2022-09-05
3534,Lark,"Singing Bush",Mirafra,cantillans,0.4921,52,2022-07-28,0.1043,24,2022-08-27
3484,Lark,"Somali Short-toed",Alaudala,somalica,0.1798,19,2021-02-15,0.0043,1,2016-07-17
3510,Lark,Thekla's,Galerida,theklae,0.0568,6,2022-02-05,0.0522,12,2020-11-29
3528,Lark,White-tailed,Mirafra,albicauda,0.2177,23,2022-10-28,0.0522,12,2021-07-22
3558,Lark,Williams's,Mirafra,williamsi,0.0284,3,2022-05-18,0.0391,9,2022-04-08
1194,Leafbird,"Yellow-throated ",Chloropsis,palawanensis,0.0379,4,2022-06-21,0.0000,0,-
5708,Leaflove,"Yellow-throated ",Atimastillas,flavicollis,1.4763,156,2022-10-22,0.1217,28,2022-09-02
3786,Longclaw,Pangani,Macronyx,aurantiigula,2.7349,289,2022-10-30,0.4824,111,2022-10-01
705,Longclaw,Rosy-throated,Macronyx,ameliae,1.1167,118,2022-11-03,0.2608,60,2022-10-29
3688,Longclaw,Sharpe's,Macronyx,sharpei,0.5678,60,2022-07-30,0.3781,87,2022-10-17
704,Longclaw,Yellow-throated,Macronyx,croceus,10.9397,1156,2022-11-05,1.8123,417,2022-10-27
1636,Lovebird,Fischer's,Agapornis,fischeri,2.9147,308,2022-11-03,0.8605,198,2022-11-07
10031,Lovebird,"fischeri x personatus","Agapornis ","fischeri x personatus",3.5204,372,2022-11-09,0.7475,172,2022-10-26
20004,Lovebird,Hybrid,Agapornis,hybrid,0.0284,3,2021-08-21,0.0087,2,2022-07-23
1640,Lovebird,Red-headed,Agapornis,pullarius,0.0095,1,2021-07-30,0.0087,2,2021-07-12
1638,Lovebird,Yellow-collared,Agapornis,personatus,0.1325,14,2022-01-20,0.0348,8,2020-10-18
3810,Malimbe,Red-headed,Malimbus,rubricollis,0.2555,27,2022-10-22,0.0478,11,2022-10-14
1596,Malkoha,"Blue ",Ceuthmochares,aereus,0.6246,66,2022-10-22,0.0956,22,2022-08-21
358,Malkoha,Green,Ceuthmochares,australis,3.8895,411,2022-10-28,0.7084,163,2022-10-16
8090,Mannikin,"Black and White",Spermestes,bicolor,1.7697,187,2022-11-08,0.4042,93,2022-11-11
823,Mannikin,Bronze,Spermestes,cucullata,24.7563,2616,2022-11-09,4.3635,1004,2022-11-11
822,Mannikin,Magpie,Spermestes,fringilloides,0.0473,5,2019-11-23,0.0000,0,-
824,Mannikin,Red-backed,Spermestes,nigriceps,5.2617,556,2022-11-05,0.8649,199,2022-10-15
510,Martin,Banded,Riparia,cincta,2.2618,239,2022-11-09,0.3607,83,2022-11-09
509,Martin,Brown-throated,Riparia,paludicola,11.4981,1215,2022-11-09,1.9862,457,2022-11-05
507,Martin,"Common House",Delichon,urbicum,2.6971,285,2022-11-04,0.4259,98,2022-05-29
506,Martin,Rock,Ptyonoprogne,fuligula,18.1130,1914,2022-11-05,3.2857,756,2022-11-03
508,Martin,Sand,Riparia,riparia,2.4321,257,2022-10-28,0.3216,74,2022-10-08
210,Moorhen,Common,Gallinula,chloropus,7.2017,761,2022-11-03,1.3299,306,2022-11-09
211,Moorhen,Lesser,Paragallinula,angulata,0.3596,38,2022-08-04,0.0435,10,2022-06-20
1590,Mousebird,Blue-naped,Urocolius,macrourus,18.3590,1940,2022-11-09,3.6855,848,2022-11-05
390,Mousebird,Speckled,Colius,striatus,53.7806,5683,2022-11-09,13.8294,3182,2022-11-11
1588,Mousebird,White-headed,Colius,leucocephalus,1.5709,166,2022-11-03,0.2477,57,2022-10-09
725,Nicator,Eastern,Nicator,gularis,5.9430,628,2022-10-15,1.5516,357,2022-10-28
2596,Nightingale,Common,Luscinia,megarhynchos,1.8738,198,2022-04-11,0.4172,96,2022-03-22
592,Nightingale,Thrush,Luscinia,luscinia,1.3154,139,2022-11-09,0.1652,38,2022-11-09
1818,Nightjar,"Donaldson Smith's",Caprimulgus,donaldsoni,0.7287,77,2022-10-02,0.0608,14,2022-10-08
371,Nightjar,European,Caprimulgus,europaeus,0.5678,60,2022-04-14,0.0782,18,2022-03-30
373,Nightjar,Fiery-necked,Caprimulgus,pectoralis,0.8706,92,2022-10-03,0.3042,70,2022-10-07
374,Nightjar,Freckled,Caprimulgus,tristigma,0.3501,37,2022-06-13,0.0348,8,2022-08-14
357,Nightjar,Montane,Caprimulgus,poliocephalus,2.8012,296,2022-10-25,0.7780,179,2022-10-28
1830,Nightjar,Nubian,Caprimulgus,nubicus,0.0662,7,2022-09-26,0.0087,2,2022-09-26
377,Nightjar,Pennant-winged,Caprimulgus,vexillarius,0.0095,1,2022-08-21,0.0087,2,2022-07-20
1826,Nightjar,Plain,Caprimulgus,inornatus,0.3501,37,2022-03-09,0.0304,7,2021-12-06
1814,Nightjar,Slender-tailed,Caprimulgus,clarus,2.4226,256,2022-11-03,0.2738,63,2022-10-22
1824,Nightjar,Sombre,Caprimulgus,fraenatus,1.0410,110,2022-06-18,0.1043,24,2022-09-07
376,Nightjar,Square-tailed,Caprimulgus,fossii,0.0757,8,2021-01-24,0.0174,4,2020-03-08
1838,Nightjar,Standard-winged,Caprimulgus,longipennis,0.0095,1,2022-05-01,0.0043,1,2022-05-02
375,Nightjar,Swamp,Caprimulgus,natalensis,0.1703,18,2022-08-27,0.0130,3,2022-08-27
1141,Nigrita,Grey-headed,Nigrita,canicapillus,1.5047,159,2022-11-05,0.1825,42,2022-07-24
3824,Nigrita,White-breasted,Nigrita,fusconotus,0.1041,11,2022-01-27,0.0217,5,2021-04-12
303,Noddy,Brown,Anous,stolidus,0.3312,35,2022-07-05,0.0782,18,2022-09-27
939,Noddy,Lesser,Anous,tenuirostris,0.2177,23,2021-08-10,0.0608,14,2022-07-13
74,Openbill,African,Anastomus,lamelligerus,6.8042,719,2022-11-09,1.5559,358,2022-11-09
520,Oriole,"African Golden",Oriolus,auratus,3.3122,350,2022-10-08,0.8171,188,2022-10-11
521,Oriole,Black-headed,Oriolus,larvatus,23.9898,2535,2022-11-09,4.8416,1114,2022-11-05
519,Oriole,"Eurasian Golden",Oriolus,oriolus,5.9620,630,2022-10-28,1.2908,297,2022-11-02
909,Oriole,Green-headed,Oriolus,chlorocephalus,0.4826,51,2022-10-21,0.1130,26,2022-10-20
2466,Oriole,"Mountain ",Oriolus,percivali,1.5047,159,2022-11-05,0.2608,60,2022-10-03
2460,Oriole,Western,Oriolus,brachyrynchus,0.3123,33,2022-11-08,0.0348,8,2022-10-14
172,Osprey,Western,Pandion,haliaetus,1.8548,196,2022-10-28,0.4607,106,2022-10-06
1,Ostrich,Common,Struthio,camelus,6.4730,684,2022-11-03,1.9949,459,2022-11-09
1200,Ostrich,Somali,Struthio,molybdophanes,1.7223,182,2022-11-03,0.7866,181,2022-10-09
363,Owl,"African Scops",Otus,senegalensis,1.5141,160,2022-11-03,0.1391,32,2022-10-09
362,Owl,"African Wood",Strix,woodfordii,1.6561,175,2022-10-03,0.2782,64,2022-05-14
1790,Owl,"Eurasian Scops",Otus,scops,0.0095,1,2018-02-07,0.0043,1,2019-02-17
361,Owl,Marsh,Asio,capensis,0.1420,15,2021-10-09,0.0826,19,2022-08-06
1792,Owl,"Northern White-faced Scops",Ptilopsis,leucotis,0.3123,33,2022-10-01,0.0652,15,2022-05-14
370,Owl,"Pel's Fishing",Scotopelia,peli,0.0379,4,2022-10-21,0.0087,2,2022-05-15
1780,Owl,"Sokoke Scops",Otus,ireneae,0.6151,65,2022-10-03,0.1347,31,2022-07-02
364,Owl,"Southern White-faced Scops",Ptilopsis,granti,0.0379,4,2021-01-26,0.0174,4,2021-05-09
359,Owl,"Western Barn ",Tyto,alba,0.4448,47,2022-08-25,0.0826,19,2022-03-17
366,Owlet,"African Barred",Glaucidium,capense,0.8044,85,2022-09-07,0.2390,55,2022-06-22
365,Owlet,Pearl-spotted,Glaucidium,perlatum,3.2365,342,2022-10-08,0.4868,112,2022-10-08
748,Oxpecker,Red-billed,Buphagus,erythrorynchus,13.8639,1465,2022-11-05,2.9032,668,2022-11-05
747,Oxpecker,Yellow-billed,Buphagus,africanus,5.0062,529,2022-11-05,1.0996,253,2022-10-12
894,Oystercatcher,Eurasian,Haematopus,ostralegus,0.1041,11,2022-07-06,0.0130,3,2022-06-07
230,Painted-snipe,Greater,Rostratula,benghalensis,0.5867,62,2022-10-24,0.0913,21,2022-10-04
593,"Palm Thrush",Collared,Cichladusa,arquata,1.5425,163,2022-10-15,0.4520,104,2022-09-01
2560,"Palm Thrush",Spotted,Cichladusa,guttata,13.5043,1427,2022-11-03,1.8993,437,2022-10-15
3356,Parisoma,Banded,Curruca,boehmi,3.6434,385,2022-10-22,0.5259,121,2022-10-08
3358,Parisoma,Brown,Curruca,lugens,2.9904,316,2022-10-25,0.4520,104,2022-10-13
328,Parrot,Brown-headed,Poicephalus,cryptoxanthus,1.0504,111,2022-10-29,0.4042,93,2022-10-21
1664,Parrot,Grey,Psittacus,erithacus,0.0946,10,2022-11-08,0.0304,7,2020-12-12
327,Parrot,Meyer's,Poicephalus,meyeri,6.7853,717,2022-10-29,1.1126,256,2022-09-25
1658,Parrot,"Red-bellied ",Poicephalus,rufiventris,4.6655,493,2022-10-21,0.9040,208,2022-10-20
1656,Parrot,Red-fronted,Poicephalus,gulielmi,1.2586,133,2022-10-08,0.3086,71,2022-09-05
1250,Partridge,Stone,Ptilopachus,petrosus,0.7949,84,2022-09-17,0.0348,8,2021-12-27
42,Pelican,"Great White",Pelecanus,onocrotalus,5.0440,533,2022-11-09,1.5863,365,2022-11-08
41,Pelican,Pink-backed,Pelecanus,rufescens,4.1355,437,2022-10-22,1.0387,239,2022-11-08
272,Phalarope,Red-necked,Phalaropus,lobatus,0.0757,8,2020-02-26,0.0217,5,2022-10-04
323,Pigeon,"African Green",Treron,calvus,7.1922,760,2022-11-09,1.0040,231,2022-11-09
312,Pigeon,"African Olive",Columba,arquatrix,1.4574,154,2022-11-05,0.2521,58,2022-04-24
1888,Pigeon,"Bruce's Green",Treron,waalia,0.0095,1,2014-11-12,0.0000,0,-
313,Pigeon,"Eastern Bronze-naped",Columba,delegorguei,0.3975,42,2022-11-05,0.0478,11,2022-06-19
311,Pigeon,Speckled,Columba,guinea,17.9900,1901,2022-11-05,7.7231,1777,2022-11-05
886,Pintail,Northern,Anas,acuta,0.2082,22,2022-02-13,0.0478,11,2020-02-23
692,Pipit,African,Anthus,cinnamomeus,16.1257,1704,2022-11-05,3.4030,783,2022-11-08
699,Pipit,Bushveld,Anthus,caffer,0.0757,8,2019-04-23,0.0043,1,2019-09-14
702,Pipit,Golden,Tmetothylacus,tenellus,2.4983,264,2022-10-29,1.0518,242,2022-10-08
3692,Pipit,Jackson's,Anthus,latistriatus,0.0095,1,2022-06-18,0.0000,0,-
693,Pipit,Long-billed,Anthus,similis,0.1514,16,2022-10-28,0.0174,4,2022-05-02
10876,Pipit,Long-billed,Anthus,similis,1.0599,112,2022-11-05,0.1347,31,2022-05-02
3698,Pipit,Malindi,Anthus,melindae,1.1545,122,2022-10-03,0.1434,33,2022-05-14
694,Pipit,Plain-backed,Anthus,leucophrys,4.3437,459,2022-11-09,0.9127,210,2022-11-11
1028,Pipit,Red-throated,Anthus,cervinus,0.4826,51,2022-11-02,0.1347,31,2022-03-29
3712,Pipit,Sokoke,Anthus,sokokensis,1.1356,120,2022-07-02,0.2390,55,2022-07-07
696,Pipit,Striped,Anthus,lineiventris,0.1987,21,2022-07-02,0.0782,18,2022-07-03
698,Pipit,Tree,Anthus,trivialis,2.5930,274,2022-04-12,0.2999,69,2022-05-12
455,Pitta,African,Pitta,angolensis,0.0095,1,2022-05-18,0.0000,0,-
1704,Plantain-eater,"Eastern ",Crinifer,zonurus,1.2397,131,2022-09-02,0.1608,37,2022-08-26
240,Plover,Caspian,Charadrius,asiaticus,0.4164,44,2022-07-28,0.1173,27,2022-09-19
236,Plover,Chestnut-banded,Charadrius,pallidus,0.1136,12,2022-03-09,0.1478,34,2022-09-17
233,Plover,"Common Ringed",Charadrius,hiaticula,6.4162,678,2022-11-09,1.5385,354,2022-11-08
239,Plover,"Greater Sand",Charadrius,leschenaultii,3.0094,318,2022-10-21,0.6041,139,2022-10-08
241,Plover,Grey,Pluvialis,squatarola,4.5424,480,2022-10-28,1.0431,240,2022-10-08
237,Plover,Kittlitz's,Charadrius,pecuarius,4.0030,423,2022-10-30,1.1908,274,2022-10-06
234,Plover,"Lesser Sand",Charadrius,mongolus,3.1324,331,2022-10-28,0.6389,147,2022-10-08
955,Plover,"Little Ringed",Charadrius,dubius,0.3785,40,2022-10-29,0.0913,21,2022-10-08
1039,Plover,"Pacific Golden",Pluvialis,fulva,0.0662,7,2022-02-05,0.0435,10,2022-02-06
238,Plover,Three-banded,Charadrius,tricollaris,14.9427,1579,2022-11-03,2.7294,628,2022-11-08
235,Plover,White-fronted,Charadrius,marginatus,1.5615,165,2022-08-31,0.2651,61,2022-09-20
102,Pochard,Southern,Netta,erythrophthalma,0.3975,42,2022-10-08,0.0695,16,2022-10-23
281,Pratincole,Collared,Glareola,pratincola,1.4384,152,2022-10-23,0.3042,70,2022-06-27
898,Pratincole,"Madagascan ",Glareola,ocularis,0.4637,49,2022-08-31,0.0695,16,2022-05-14
283,Pratincole,Rock,Glareola,nuchalis,0.0379,4,2021-06-22,0.0348,8,2022-04-24
1155,Prinia,Banded,Prinia,bairdii,0.3407,36,2022-10-22,0.0304,7,2021-08-13
3188,Prinia,Pale,Prinia,somalica,0.6151,65,2022-11-03,0.1956,45,2022-10-09
3192,Prinia,Red-fronted,Prinia,rufifrons,1.7507,185,2022-10-30,0.3564,82,2022-10-09
3184,Prinia,River,Prinia,fluviatilis,0.0095,1,2022-05-06,0.0000,0,-
649,Prinia,Tawny-flanked,Prinia,subflava,32.0715,3389,2022-11-05,5.7499,1323,2022-11-11
3180,Prinia,White-chinned,Schistolais,leucopogon,0.6435,68,2022-11-08,0.0652,15,2021-09-11
712,Puffback,Black-backed,Dryoscopus,cubla,24.5576,2595,2022-11-05,4.3548,1002,2022-10-28
2386,Puffback,Northern,Dryoscopus,gambensis,1.7886,189,2022-11-09,0.2564,59,2022-10-08
2384,Puffback,Pink-footed,Dryoscopus,angolensis,0.4164,44,2022-10-22,0.0435,10,2022-10-14
2388,Puffback,Pringle's,Dryoscopus,pringlii,0.5205,55,2022-10-07,0.2086,48,2022-10-27
830,Pytilia,Green-winged,Pytilia,melba,4.0693,430,2022-10-08,0.7432,171,2022-10-09
829,Pytilia,Orange-winged,Pytilia,afra,0.0473,5,2020-10-15,0.0130,3,2020-10-31
189,Quail,Common,Coturnix,coturnix,0.9085,96,2022-04-27,0.2086,48,2022-07-28
190,Quail,Harlequin,Coturnix,delegorguei,1.5331,162,2022-11-04,0.3477,80,2022-07-11
807,Quelea,Cardinal,Quelea,cardinalis,0.5016,53,2022-08-17,0.0478,11,2022-10-08
805,Quelea,Red-billed,Quelea,quelea,13.0690,1381,2022-11-03,2.5903,596,2022-11-08
806,Quelea,Red-headed,Quelea,erythrops,0.1420,15,2021-07-26,0.0217,5,2020-05-09
197,Rail,African,Rallus,caerulescens,0.5110,54,2022-09-25,0.0522,12,2021-10-01
1936,Rail,Water,Rallus,aquaticus,0.0095,1,2021-10-20,0.0000,0,-
2370,Raven,Brown-necked,Corvus,ruficollis,0.0000,0,-,0.0043,1,2022-04-30
2368,Raven,Fan-tailed,Corvus,rhipidurus,3.4068,360,2022-11-03,0.6389,147,2022-10-09
524,Raven,White-necked,Corvus,albicollis,0.4542,48,2022-07-02,0.0782,18,2022-03-30
261,Redshank,Common,Tringa,totanus,0.1230,13,2022-02-09,0.0478,11,2022-02-13
260,Redshank,Spotted,Tringa,erythropus,0.0757,8,2022-03-08,0.0304,7,2022-01-08
1004,Redstart,Common,Phoenicurus,phoenicurus,0.0095,1,2019-04-23,0.0087,2,2018-04-17
589,Robin,White-starred,Pogonocichla,stellata,2.8296,299,2022-10-08,0.6345,146,2022-09-14
2592,Robin,"White-throated ",Irania,gutturalis,0.7003,74,2022-02-23,0.0739,17,2022-02-24
2570,Robin-Chat,Blue-shouldered,Cossypha,cyanocampter,0.4732,50,2022-11-08,0.0435,10,2021-11-30
581,Robin-Chat,Cape,Cossypha,caffra,18.5010,1955,2022-11-09,4.4113,1015,2022-11-09
1085,Robin-Chat,"Grey-winged ",Cossypha,polioptera,0.3596,38,2022-11-08,0.0652,15,2021-07-30
579,Robin-Chat,Red-capped,Cossypha,natalensis,4.4005,465,2022-10-28,0.9257,213,2022-10-16
2576,Robin-Chat,"Rueppell's ",Cossypha,semirufa,13.1068,1385,2022-11-09,2.3686,545,2022-11-05
2574,Robin-Chat,"Snowy-crowned ",Cossypha,niveicapilla,0.6246,66,2022-11-08,0.0913,21,2022-10-14
580,Robin-Chat,White-browed,Cossypha,heuglini,22.9299,2423,2022-11-09,4.1419,953,2022-11-07
1530,Roller,Abyssinian,Coracias,abyssinicus,0.1325,14,2022-05-04,0.0956,22,2022-07-30
416,Roller,Broad-billed,Eurystomus,glaucurus,2.1766,230,2022-10-29,0.5085,117,2022-10-28
412,Roller,European,Coracias,garrulus,4.9399,522,2022-11-09,2.5034,576,2022-10-26
413,Roller,Lilac-breasted,Coracias,caudatus,20.2423,2139,2022-11-05,6.8582,1578,2022-11-07
415,Roller,Purple,Coracias,naevius,2.1198,224,2022-10-30,0.6085,140,2022-10-08
1958,Sandgrouse,Black-faced,Pterocles,decoratus,4.8358,511,2022-11-03,1.5907,366,2022-10-21
1960,Sandgrouse,Chestnut-bellied,Pterocles,exustus,1.4952,158,2022-11-03,0.6563,151,2022-10-06
1968,Sandgrouse,Four-banded,Pterocles,quadricinctus,0.0662,7,2022-05-04,0.0087,2,2022-05-05
1962,Sandgrouse,Lichtenstein's,Pterocles,lichtensteinii,0.4542,48,2022-10-08,0.0956,22,2022-09-14
309,Sandgrouse,Yellow-throated,Pterocles,gutturalis,1.2302,130,2022-10-08,0.3694,85,2022-11-05
981,Sandpiper,Broad-billed,Calidris,falcinellus,0.0852,9,2022-04-07,0.0000,0,-
258,Sandpiper,Common,Actitis,hypoleucos,17.2329,1821,2022-11-09,3.5421,815,2022-11-10
251,Sandpiper,Curlew,Calidris,ferruginea,3.9936,422,2022-10-24,0.7301,168,2022-11-07
259,Sandpiper,Green,Tringa,ochropus,4.3342,458,2022-11-03,0.9083,209,2022-10-27
262,Sandpiper,Marsh,Tringa,stagnatilis,3.7002,391,2022-10-30,1.0257,236,2022-11-08
257,Sandpiper,Terek,Xenus,cinereus,2.8674,303,2022-10-28,0.5607,129,2022-10-08
264,Sandpiper,Wood,Tringa,glareola,10.9303,1155,2022-11-05,2.3078,531,2022-11-08
2914,Saw-wing,"Black (Northern Race)",Psalidoprocne,"pristoptera ",0.0568,6,2022-03-28,0.0043,1,2020-10-13
511,Saw-wing,"Black (Southern Africa)",Psalidoprocne,"pristoptera holomelas",15.3686,1624,2022-11-08,2.9076,669,2022-11-05
964,Saw-wing,White-headed,Psalidoprocne,albiceps,4.3532,460,2022-11-08,0.5998,138,2022-11-11
1526,Scimitarbill,"Abyssinian ",Rhinopomastus,minor,6.4351,680,2022-11-05,0.9127,210,2022-10-21
421,Scimitarbill,Common,Rhinopomastus,cyanomelas,4.0693,430,2022-10-11,0.8345,192,2022-10-08
585,"Scrub Robin",Bearded,Cercotrichas,quadrivirgata,7.0219,742,2022-10-29,1.5733,362,2022-10-15
2556,"Scrub Robin",Brown-backed,Cercotrichas,hartlaubi,0.6246,66,2022-09-18,0.0348,8,2022-10-06
567,"Scrub Robin",Rufous-tailed,Cercotrichas,galactotes,1.3438,142,2022-06-18,0.1608,37,2022-03-20
588,"Scrub Robin",White-browed,Cercotrichas,leucophrys,16.0216,1693,2022-11-05,2.2165,510,2022-11-03
3958,Seedcracker,Black-bellied,Pyrenestes,ostrinus,0.0095,1,2022-09-01,0.0000,0,-
4074,Seedeater,"Kenya Yellow-rumped",Crithagra,reichenowi,16.6746,1762,2022-11-05,2.6077,600,2022-11-05
834,Seedeater,Reichard's,Crithagra,reichardi,0.0568,6,2020-11-18,0.0000,0,-
778,Seedeater,Streaky,Crithagra,striolata,22.4094,2368,2022-11-09,6.3019,1450,2022-11-09
867,Seedeater,Streaky-headed,Crithagra,gularis,0.1041,11,2021-05-08,0.0261,6,2021-09-29
1159,Seedeater,Thick-billed,Crithagra,burtoni,2.0725,219,2022-10-18,0.3825,88,2022-09-20
4104,Seedeater,White-rumped,Crithagra,leucopygia,0.0189,2,2016-10-16,0.0043,1,2017-06-12
4076,Seedeater,"Yellow-rumped ",Crithagra,xanthopygia,0.0662,7,2021-07-08,0.0043,1,2022-07-30
28,Shearwater,Tropical,Puffinus,bailloni,0.0095,1,2019-02-23,0.0043,1,2021-12-22
93,Shoveler,Northern,Spatula,clypeata,0.3785,40,2022-02-09,0.1087,25,2021-12-07
2288,Shrike,Isabelline,Lanius,isabellinus,5.1386,543,2022-10-08,1.0213,235,2022-10-27
706,Shrike,"Lesser Grey",Lanius,minor,1.4101,149,2022-11-04,0.2130,49,2022-04-30
2290,Shrike,Mackinnon's,Lanius,mackinnoni,0.6057,64,2022-09-29,0.0652,15,2021-09-01
724,Shrike,Magpie,Urolestes,melanoleucus,0.1798,19,2022-10-12,0.0826,19,2022-10-03
2300,Shrike,Magpie,Urolestes,melanoleucus,0.2650,28,2018-06-26,0.0348,8,2017-12-20
2296,Shrike,Masked,Lanius,nubicus,0.0000,0,-,0.0043,1,2017-03-02
2276,Shrike,"Northern White-crowned",Eurocephalus,ruppelli,14.7819,1562,2022-11-03,4.4548,1025,2022-10-28
708,Shrike,Red-backed,Lanius,collurio,4.9683,525,2022-10-25,0.7997,184,2022-05-07
7878,Shrike,Red-tailed,Lanius,phoenicuroides,0.6151,65,2022-11-09,0.1304,30,2022-11-09
2274,Shrike,Yellow-billed,Corvinella,corvina,0.0662,7,2022-09-02,0.0087,2,2022-04-12
2456,Shrike-flycatcher,African,Megabyas,flammulatus,0.1893,20,2022-11-08,0.0174,4,2020-10-17
667,Shrike-flycatcher,Black-and-white,Bias,musicus,0.0379,4,2020-10-15,0.0043,1,2021-11-07
3784,Silverbill,"African ",Euodice,cantans,0.6151,65,2022-09-02,0.1043,24,2022-10-09
3966,Silverbill,Grey-headed,Spermestes,griseicapilla,1.6940,179,2022-09-11,0.2782,64,2022-10-08
306,Skimmer,African,Rynchops,flavirostris,0.2271,24,2022-09-26,0.1173,27,2022-02-25
250,Snipe,African,Gallinago,nigripennis,0.4164,44,2022-07-30,0.2955,68,2022-09-27
957,Snipe,Common,Gallinago,gallinago,1.2208,129,2022-11-03,0.2173,50,2022-10-25
249,Snipe,Great,Gallinago,media,0.0189,2,2019-08-22,0.0043,1,1999-11-22
3846,Sparrow,Chestnut,Passer,eminibey,4.3910,464,2022-10-29,0.9822,226,2022-11-02
784,Sparrow,House,Passer,domesticus,19.3811,2048,2022-11-09,8.8009,2025,2022-11-09
3840,Sparrow,Kenya,Passer,rufocinctus,24.4346,2582,2022-11-05,5.5935,1287,2022-11-02
3852,Sparrow,"Northern Grey-headed",Passer,griseus,12.5580,1327,2022-11-04,2.3860,549,2022-11-11
3834,Sparrow,Parrot-billed,Passer,gongonensis,11.4318,1208,2022-11-09,3.0727,707,2022-11-05
3850,Sparrow,Parrot-billed,Passer,gongonensis,0.0095,1,2021-10-20,0.0000,0,-
3842,Sparrow,Somali,Passer,castanopterus,0.1893,20,2022-05-01,0.0565,13,2022-05-21
3836,Sparrow,Swahili,Passer,suahelicus,0.6435,68,2022-07-16,0.1260,29,2022-09-15
3838,Sparrow,Swainson's,Passer,swainsonii,0.1703,18,2022-05-01,0.0391,9,2019-02-28
3874,Sparrow,"Yellow-spotted Bush",Gymnoris,pyrgita,7.6275,806,2022-11-03,1.2126,279,2022-10-28
788,Sparrow,"Yellow-throated Bush",Gymnoris,superciliaris,0.1609,17,2022-10-28,0.0043,1,2021-02-28
484,Sparrow-Lark,"Chestnut-backed ",Eremopterix,leucotis,0.1420,15,2022-02-20,0.0608,14,2022-04-06
3504,Sparrow-Lark,Chestnut-headed,Eremopterix,signatus,0.5962,63,2022-06-18,0.7041,162,2022-10-09
3500,Sparrow-Lark,"Fischer's ",Eremopterix,leucopareia,5.7822,611,2022-11-03,1.6602,382,2022-10-08
782,Sparrow-Weaver,Chestnut-backed,Plocepasser,rufoscapulatus,0.0095,1,2022-05-01,0.0043,1,2019-05-18
3878,Sparrow-Weaver,"Chestnut-crowned ",Plocepasser,superciliosus,0.1325,14,2022-09-02,0.0608,14,2022-05-14
3876,Sparrow-Weaver,"Donaldson-Smith's ",Plocepasser,donaldsoni,0.7098,75,2022-11-03,0.2999,69,2022-10-09
780,Sparrow-Weaver,"White-browed ",Plocepasser,mahali,27.3682,2892,2022-11-09,9.9917,2299,2022-11-09
159,Sparrowhawk,Black,Accipiter,melanoleucus,8.3846,886,2022-10-28,1.4168,326,2022-10-28
1006,Sparrowhawk,Eurasian,Accipiter,nisus,0.0568,6,2022-01-22,0.0087,2,2021-12-03
2074,Sparrowhawk,Levant,Accipiter,brevipes,0.0189,2,2020-10-25,0.0043,1,2018-03-30
158,Sparrowhawk,Little,Accipiter,minullus,3.5204,372,2022-10-29,0.6171,142,2022-10-08
157,Sparrowhawk,Ovambo,Accipiter,ovampensis,0.0852,9,2022-06-13,0.0174,4,2021-05-08
156,Sparrowhawk,Rufous-breasted,Accipiter,rufiventris,0.2460,26,2022-09-04,0.0435,10,2019-11-04
389,Spinetail,BÃ¶hm's,Neafrapus,boehmi,0.4732,50,2022-05-14,0.0608,14,2022-09-12
388,Spinetail,Mottled,Telacanthura,ussheri,0.8896,94,2022-10-08,0.2130,49,2022-06-17
85,Spoonbill,African,Platalea,alba,11.5738,1223,2022-11-09,2.9727,684,2022-11-10
954,Spurfowl,Hildebrandt's,Pternistis,hildebrandti,1.5425,163,2022-09-25,0.3564,82,2022-10-11
1234,Spurfowl,Jackson's,Pternistis,jacksoni,0.3312,35,2022-09-20,0.4085,94,2022-10-24
188,Spurfowl,Red-necked,Pternistis,afer,1.5993,169,2022-11-04,0.3825,88,2022-10-27
1246,Spurfowl,Scaly,Pternistis,squamatus,1.9116,202,2022-11-05,0.2434,56,2022-10-31
1236,Spurfowl,Yellow-necked,Pternistis,leucoscepus,13.0501,1379,2022-11-03,3.1901,734,2022-10-27
2820,Starling,Abbott's,Poeoptera,femoralis,0.2271,24,2022-10-05,0.0478,11,2022-08-03
740,Starling,Black-bellied,Notopholia,corusca,8.6023,909,2022-10-29,2.1600,497,2022-10-30
2814,Starling,Bristle-crowned,Onychognathus,salvadorii,1.4479,153,2022-10-08,0.2303,53,2022-10-08
2786,Starling,Bronze-tailed,Lamprotornis,chalcurus,0.0662,7,2020-12-30,0.0174,4,2022-04-12
2836,Starling,Fischer's,Lamprotornis,fischeri,4.1828,442,2022-10-30,1.6211,373,2022-10-21
2778,Starling,Golden-breasted,Lamprotornis,regius,4.2018,444,2022-10-30,1.6168,372,2022-10-21
738,Starling,"Greater Blue-eared",Lamprotornis,chalybaeus,16.4664,1740,2022-11-05,4.4635,1027,2022-11-07
2788,Starling,Hildebrandt's,Lamprotornis,hildebrandti,9.6905,1024,2022-11-05,2.0818,479,2022-11-05
2824,Starling,Kenrick's,Poeoptera,kenricki,0.2934,31,2022-04-20,0.0522,12,2021-05-08
7863,Starling,"Lesser Blue-eared",Lamprotornis,chloropterus,0.0568,6,2022-05-01,0.0478,11,2022-09-02
2784,Starling,"Long-tailed Glossy",Lamprotornis,caudatus,0.5394,57,2022-06-12,0.1130,26,2022-11-05
2832,Starling,Magpie,Speculipastor,bicolor,0.9085,96,2022-10-08,0.1999,46,2022-10-08
2782,Starling,"Miombo Blue-eared",Lamprotornis,elisabeth,0.0000,0,-,0.0043,1,2021-06-18
739,Starling,"Miombo Blue-eared",Lamprotornis,elisabeth,0.0757,8,2017-10-06,0.0043,1,2015-10-24
2792,Starling,Purple,Lamprotornis,purpureus,0.0379,4,2021-06-22,0.0261,6,2019-10-14
745,Starling,Red-winged,Onychognathus,morio,8.1575,862,2022-11-03,2.8163,648,2022-11-07
2794,Starling,Ruppell's,Lamprotornis,purpuroptera,10.0123,1058,2022-11-04,1.9992,460,2022-10-26
2822,Starling,Sharpe's,Poeoptera,sharpii,0.3407,36,2022-07-10,0.0652,15,2021-04-06
2796,Starling,Shelley's,Lamprotornis,shelleyi,0.1041,11,2022-08-28,0.0391,9,2022-10-08
2816,Starling,Slender-billed,Onychognathus,tenuirostris,0.2839,30,2022-08-24,0.0913,21,2022-10-07
2798,Starling,Splendid,Lamprotornis,splendidus,0.0473,5,2020-12-30,0.0043,1,2022-04-12
2828,Starling,Stuhlmann's,Poeoptera,stuhlmanni,0.7571,80,2022-11-08,0.0869,20,2021-08-11
2800,Starling,Superb,Lamprotornis,superbus,34.8159,3679,2022-11-05,15.1289,3481,2022-11-11
736,Starling,Violet-backed,Cinnyricinclus,leucogaster,8.8388,934,2022-11-05,1.2691,292,2022-11-05
2818,Starling,Waller's,Onychognathus,walleri,0.4164,44,2022-11-05,0.0522,12,2022-07-16
735,Starling,Wattled,Creatophora,cinerea,8.2426,871,2022-11-04,1.9427,447,2022-10-26
2834,Starling,White-crowned,Lamprotornis,albicapillus,0.0473,5,2019-03-07,0.1217,28,2022-02-04
270,Stilt,Black-winged,Himantopus,himantopus,7.3531,777,2022-11-09,2.4338,560,2022-11-08
253,Stint,Little,Calidris,minuta,7.0692,747,2022-11-03,1.7385,400,2022-11-07
897,Stint,Red-necked,Calidris,ruficollis,0.0189,2,2016-10-15,0.0000,0,-
985,Stint,Temminck's,Calidris,temminckii,0.1514,16,2022-01-24,0.0261,6,2020-12-15
1998,Stone-curlew,"Eurasian ",Burhinus,oedicnemus,0.0000,0,-,0.0043,1,2003-11-02
576,Stonechat,African,Saxicola,torquatus,7.4288,785,2022-11-09,2.0818,479,2022-11-09
78,Stork,Abdim's,Ciconia,abdimii,1.0504,111,2022-06-30,0.4216,97,2022-11-03
79,Stork,Black,Ciconia,nigra,1.4006,148,2022-10-30,0.2217,51,2022-02-27
73,Stork,Marabou,Leptoptilos,crumenifer,14.1384,1494,2022-11-05,5.1415,1183,2022-11-07
75,Stork,Saddle-billed,Ephippiorhynchus,senegalensis,1.7791,188,2022-10-28,0.4172,96,2022-09-18
80,Stork,White,Ciconia,ciconia,2.4132,255,2022-06-23,0.8866,204,2022-10-08
77,Stork,Woolly-necked,Ciconia,episcopus,7.7505,819,2022-11-05,1.4081,324,2022-10-26
76,Stork,Yellow-billed,Mycteria,ibis,14.8670,1571,2022-11-09,3.9637,912,2022-11-08
3574,Sunbird,Amani,Hedydipna,pallidigaster,0.7476,79,2022-10-03,0.1565,36,2022-03-24
772,Sunbird,Amethyst,Chalcomitra,amethystina,18.2644,1930,2022-11-09,3.1770,731,2022-11-05
3686,Sunbird,Beautiful,Cinnyris,pulchellus,4.6087,487,2022-11-09,0.9301,214,2022-11-09
3684,Sunbird,Black-bellied,Cinnyris,nectarinioides,1.9305,204,2022-11-03,0.2043,47,2022-10-05
752,Sunbird,Bronzy,Nectarinia,kilimensis,25.2579,2669,2022-11-09,5.8629,1349,2022-11-09
771,Sunbird,Collared,Hedydipna,collaris,22.8069,2410,2022-11-09,4.7112,1084,2022-11-09
754,Sunbird,Copper,Cinnyris,cupreus,0.3218,34,2022-01-08,0.0391,9,2022-04-24
767,Sunbird,"Eastern Double-collared",Cinnyris,mediocris,3.5109,371,2022-11-05,0.8388,193,2022-11-05
3590,Sunbird,"Eastern Violet-backed",Anthreptes,orientalis,5.3374,564,2022-11-03,1.0083,232,2022-11-01
3588,Sunbird,"Eastern Violet-backed",Anthreptes,orientalis,0.1798,19,2014-12-28,0.0217,5,2014-08-16
1118,Sunbird,Golden-winged,Drepanorhynchus,reichenowi,5.2333,553,2022-10-25,1.2734,293,2022-11-05
1068,Sunbird,Green-headed,Cyanomitra,verticalis,3.7570,397,2022-11-09,0.5693,131,2022-11-09
1116,Sunbird,Green-throated,Chalcomitra,rubescens,0.3880,41,2022-10-22,0.0304,7,2021-08-11
765,Sunbird,Grey,Cyanomitra,veroxii,1.6940,179,2022-09-07,0.3781,87,2022-09-01
3592,Sunbird,Grey-chinned,Anthreptes,rectirostris,0.1514,16,2022-10-22,0.0174,4,2021-11-28
3610,Sunbird,Hunter's,Chalcomitra,hunteri,3.0378,321,2022-11-03,0.6302,145,2022-10-28
751,Sunbird,Malachite,Nectarinia,famosa,1.0126,107,2022-10-25,0.3564,82,2022-10-07
755,Sunbird,Marico,Cinnyris,mariquensis,8.6306,912,2022-11-03,1.1691,269,2022-11-05
3660,Sunbird,"Northern Double-collared",Cinnyris,reichenowi,7.8073,825,2022-10-25,1.4255,328,2022-11-05
766,Sunbird,Olive,Cyanomitra,olivacea,10.0880,1066,2022-10-28,2.3078,531,2022-11-02
1117,Sunbird,Olive-bellied,Cinnyris,chloropygius,0.2555,27,2022-10-22,0.0261,6,2021-11-30
3626,Sunbird,Orange-tufted,Cinnyris,bouvieri,0.0473,5,2021-03-01,0.0000,0,-
769,Sunbird,Plain-backed,Anthreptes,reichenowi,0.6719,71,2022-10-03,0.1173,27,2022-10-16
756,Sunbird,Purple-banded,Cinnyris,bifasciatus,5.1670,546,2022-10-30,0.9431,217,2022-10-21
3576,Sunbird,Pygmy,Hedydipna,platura,0.0189,2,2022-05-04,0.0043,1,2022-05-02
3638,Sunbird,Red-chested,Cinnyris,erythrocercus,1.3817,146,2022-08-27,0.2260,52,2022-10-12
774,Sunbird,Scarlet-chested,Chalcomitra,senegalensis,22.3715,2364,2022-11-09,3.2205,741,2022-11-09
3646,Sunbird,"Scarlet-tufted ",Nectarinia,johnstoni,0.0852,9,2022-08-24,0.0782,18,2022-10-24
3640,Sunbird,Shining,Cinnyris,habessinicus,0.6151,65,2022-10-01,0.0435,10,2022-10-08
3672,Sunbird,Superb,Cinnyris,superbus,0.0662,7,2018-03-25,0.0087,2,2018-08-08
3674,Sunbird,Tacazze,Nectarinia,tacazze,2.2807,241,2022-11-05,0.4824,111,2022-10-17
3676,Sunbird,Tsavo,Cinnyris,tsavoensis,0.8612,91,2022-10-08,0.2130,49,2022-10-11
3600,Sunbird,"Usambara Double-collared",Cinnyris,usambaricus,0.0095,1,2020-07-03,0.0043,1,2022-07-02
762,Sunbird,Variable,Cinnyris,venustus,30.2072,3192,2022-11-09,6.8451,1575,2022-11-11
3628,Sunbird,Violet-breasted,Cinnyris,chalcomelas,0.4732,50,2022-10-01,0.0435,10,2022-02-01
770,Sunbird,"Western Violet-backed",Anthreptes,longuemarei,0.0189,2,2022-09-02,0.0043,1,2019-05-09
494,Swallow,Angolan,Hirundo,angolensis,1.5615,165,2022-11-08,0.2390,55,2022-09-09
493,Swallow,Barn,Hirundo,rustica,28.0496,2964,2022-11-08,7.6101,1751,2022-11-05
497,Swallow,Blue,Hirundo,atrocaerulea,0.0379,4,2022-06-18,0.0043,1,2020-10-07
2886,Swallow,Ethiopian,Hirundo,aethiopica,4.3059,455,2022-10-21,0.7128,164,2022-09-27
499,Swallow,Grey-rumped,Pseudhirundo,griseopyga,0.1893,20,2022-03-15,0.0565,13,2022-10-12
503,Swallow,"Lesser Striped",Cecropis,abyssinica,20.6492,2182,2022-11-09,3.7333,859,2022-11-09
500,Swallow,Mosque,Cecropis,senegalensis,2.6592,281,2022-11-03,0.5389,124,2022-10-27
501,Swallow,Red-breasted,Cecropis,semirufa,0.2555,27,2022-10-28,0.0565,13,2021-07-31
962,Swallow,Red-rumped,Cecropis,daurica,16.8922,1785,2022-11-03,3.0423,700,2022-10-23
504,Swallow,"South African Cliff ",Petrochelidon,spilodera,0.0000,0,-,0.0087,2,2020-07-06
496,Swallow,Wire-tailed,Hirundo,smithii,14.3087,1512,2022-11-05,2.7902,642,2022-10-23
208,Swamphen,African,Porphyrio,madagascariensis,1.2681,134,2022-10-28,0.2651,61,2022-10-08
380,Swift,"African Black",Apus,barbatus,1.8927,200,2022-11-03,0.3303,76,2022-10-20
387,Swift,"African Palm",Cypsiurus,parvus,26.2137,2770,2022-11-09,5.4935,1264,2022-11-11
386,Swift,Alpine,Tachymarptis,melba,0.5205,55,2022-11-05,0.0956,22,2022-03-30
378,Swift,Common,Apus,apus,1.1829,125,2022-03-28,0.8258,190,2022-05-14
1674,Swift,Forbes-Watson's,Apus,berliozi,0.0189,2,2022-02-05,0.0000,0,-
384,Swift,Horus,Apus,horus,0.8990,95,2022-06-13,0.1478,34,2022-03-29
385,Swift,Little,Apus,affinis,26.6206,2813,2022-11-09,5.5500,1277,2022-11-11
382,Swift,Mottled,Tachymarptis,aequatorialis,2.7539,291,2022-11-03,0.3912,90,2022-05-05
1676,Swift,Nyanza,Apus,niansae,3.2554,344,2022-10-25,0.6128,141,2022-10-01
379,Swift,Pallid,Apus,pallidus,0.0000,0,-,0.0043,1,2017-11-27
904,Swift,Scarce,Schoutedenapus,myoptilus,0.8990,95,2022-11-05,0.0652,15,2022-05-14
383,Swift,White-rumped,Apus,caffer,7.5045,793,2022-11-04,0.9561,220,2022-10-28
715,Tchagra,Black-crowned,Tchagra,senegalus,14.4033,1522,2022-11-05,3.3422,769,2022-11-07
714,Tchagra,Brown-crowned,Tchagra,australis,9.9555,1052,2022-11-05,1.3386,308,2022-11-05
716,Tchagra,Marsh,Bocagia,minuta,0.1230,13,2022-08-27,0.0174,4,2022-07-24
2496,Tchagra,Three-streaked,Tchagra,jamesi,1.5141,160,2022-11-03,0.2521,58,2022-10-09
99,Teal,Blue-billed,Spatula,hottentota,2.3942,253,2022-10-24,0.6736,155,2022-10-23
98,Teal,Cape,Anas,capensis,1.4763,156,2022-09-28,0.4911,113,2022-10-26
1274,Teal,Eurasian,Anas,crecca,0.0284,3,2022-01-16,0.0087,2,2021-02-06
97,Teal,Red-billed,Anas,erythrorhyncha,4.7317,500,2022-11-03,1.3560,312,2022-10-23
290,Tern,Caspian,Hydroprogne,caspia,1.2208,129,2022-08-21,0.3477,80,2022-10-08
291,Tern,Common,Sterna,hirundo,1.0788,114,2022-08-31,0.2955,68,2022-10-08
298,Tern,"Greater Crested",Thalasseus,bergii,0.9463,100,2022-08-31,0.3173,73,2022-10-08
902,Tern,Gull-billed,Gelochelidon,nilotica,5.6402,596,2022-11-09,1.2213,281,2022-11-07
297,Tern,"Lesser Crested",Thalasseus,bengalensis,2.5457,269,2022-08-31,0.7519,173,2022-10-08
299,Tern,Little,Sternula,albifrons,0.0662,7,2022-04-30,0.0130,3,2022-05-08
293,Tern,Roseate,Sterna,dougallii,0.5962,63,2022-08-21,0.1391,32,2022-07-13
2070,Tern,Saunders's,Sternula,saundersi,1.3154,139,2022-10-21,0.3260,75,2022-10-08
295,Tern,Sooty,Onychoprion,fuscatus,0.0946,10,2021-10-09,0.0130,3,2022-07-13
305,Tern,Whiskered,Chlidonias,hybrida,2.4700,261,2022-10-24,0.5476,126,2022-11-07
938,Tern,White-cheeked,Sterna,repressa,0.0284,3,2021-11-01,0.0130,3,2020-03-18
304,Tern,White-winged,Chlidonias,leucopterus,2.8863,305,2022-09-26,0.6085,140,2022-09-17
2000,Thick-knee,Senegal,Burhinus,senegalensis,0.1798,19,2022-09-20,0.0261,6,2022-05-08
275,Thick-knee,Spotted,Burhinus,capensis,2.6214,277,2022-11-05,0.5867,135,2022-10-12
274,Thick-knee,Water,Burhinus,vermiculatus,6.8042,719,2022-11-03,1.0561,243,2022-11-02
2736,Thrush,Abyssinian,Turdus,abyssinicus,19.1445,2023,2022-11-09,6.3627,1464,2022-11-09
2768,Thrush,"Abyssinian Ground",Geokichla,piaggiae,0.1609,17,2022-07-10,0.0478,11,2022-01-11
1168,Thrush,African,Turdus,pelios,4.8169,509,2022-11-08,0.9692,223,2022-11-11
2750,Thrush,Bare-eyed,Turdus,tephronotus,10.9113,1153,2022-10-29,1.4864,342,2022-10-08
2618,Thrush,"Common Rock",Monticola,saxatilis,3.8232,404,2022-10-30,0.7866,181,2022-04-08
2616,Thrush,"Little Rock ",Monticola,rufocinereus,1.2776,135,2022-10-21,0.2695,62,2022-09-17
1105,Thrush,Olive,Turdus,olivaceus,0.3123,33,2022-11-03,0.0826,19,2020-06-07
556,Thrush,"Orange Ground",Geokichla,gurneyi,0.0095,1,2014-07-08,0.0043,1,2022-07-10
2662,Thrush,"Red-tailed Ant",Neocossyphus,rufus,0.8328,88,2022-10-21,0.2043,47,2022-10-16
558,Thrush,"Spotted Ground",Geokichla,guttata,0.1230,13,2022-08-19,0.0348,8,2022-09-27
2732,Thrush,Taita,Turdus,helleri,0.1041,11,2022-07-02,0.0826,19,2022-07-10
2660,Thrush,"White-tailed Ant",Neocossyphus,poensis,0.3312,35,2022-01-26,0.0261,6,2021-08-11
905,Tinkerbird,Green,Pogoniulus,simplex,0.4637,49,2022-10-15,0.0652,15,2022-10-20
1442,Tinkerbird,"Moustached ",Pogoniulus,leucomystax,0.7760,82,2022-11-05,0.1000,23,2022-06-27
436,Tinkerbird,Red-fronted,Pogoniulus,pusillus,20.2139,2136,2022-11-05,3.5812,824,2022-10-27
437,Tinkerbird,Yellow-fronted,Pogoniulus,chrysoconus,0.1893,20,2022-05-14,0.0261,6,2022-04-24
438,Tinkerbird,Yellow-rumped,Pogoniulus,bilineatus,15.9459,1685,2022-11-09,2.8250,650,2022-11-09
2876,Tit,Acacia,Melaniparus,thruppi,1.5047,159,2022-10-30,0.1999,46,2022-10-08
2870,Tit,Dusky,Melaniparus,funereus,0.4353,46,2022-10-22,0.0565,13,2021-11-30
530,Tit,"Grey Penduline",Anthoscopus,caroli,0.3123,33,2022-09-02,0.0087,2,2021-08-16
2850,Tit,"Mouse-coloured Penduline",Anthoscopus,musculus,0.5205,55,2022-10-06,0.1043,24,2022-10-08
2868,Tit,Red-throated,Melaniparus,fringillinus,1.9684,208,2022-10-08,0.2260,52,2022-10-08
2860,Tit,White-bellied,Melaniparus,albiventris,13.5422,1431,2022-11-09,2.2209,511,2022-11-09
657,Tit-Flycatcher,Grey,Myioparus,plumbeus,0.1136,12,2022-10-01,0.0261,6,2022-05-14
944,Trogon,Bar-tailed,Apaloderma,vittatum,0.6624,70,2022-11-05,0.1130,26,2022-09-20
393,Trogon,Narina,Apaloderma,narina,2.9904,316,2022-10-29,0.6171,142,2022-10-26
1730,Turaco,Black-billed,Tauraco,schuettii,0.1325,14,2022-11-08,0.0174,4,2021-08-11
1716,Turaco,Fischer's,Tauraco,fischeri,2.3280,246,2022-10-28,0.4998,115,2022-10-21
1696,Turaco,"Great Blue",Corythaeola,cristata,0.5205,55,2022-11-08,0.0478,11,2021-08-11
1718,Turaco,Hartlaub's,Tauraco,hartlaubi,7.5140,794,2022-11-05,1.8210,419,2022-11-05
337,Turaco,Purple-crested,Gallirex,porphyreolophus,0.0946,10,2022-10-12,0.0043,1,2022-10-12
942,Turaco,Ross's,Tauraco,rossae,1.2113,128,2022-11-08,0.2260,52,2022-09-20
338,Turaco,Schalow's,Tauraco,schalowi,0.9180,97,2022-11-05,0.1304,30,2022-10-08
1720,Turaco,White-crested,Tauraco,leucolophus,0.3880,41,2022-09-02,0.1434,33,2022-09-20
232,Turnstone,Ruddy,Arenaria,interpres,1.3154,139,2022-10-28,0.2738,63,2022-09-20
3722,Twinspot,Brown,Clytospiza,monteiri,0.0473,5,2015-08-23,0.0087,2,2020-10-05
827,Twinspot,Green,Mandingoa,nitidula,0.2839,30,2022-09-19,0.0869,20,2022-03-30
832,Twinspot,Red-throated,Hypargos,niveoguttatus,0.7381,78,2022-10-03,0.0956,22,2022-05-14
150,Vulture,Bearded,Gypaetus,barbatus,0.0095,1,2019-05-07,0.0000,0,-
111,Vulture,Egyptian,Neophron,percnopterus,0.3407,36,2022-05-04,0.1652,38,2022-10-06
110,Vulture,Hooded,Necrosyrtes,monachus,1.8548,196,2022-10-28,0.4477,103,2022-09-22
108,Vulture,Lappet-faced,Torgos,tracheliotos,2.5078,265,2022-11-03,0.9605,221,2022-10-26
112,Vulture,Palm-nut,Gypohierax,angolensis,4.0598,429,2022-10-28,0.6476,149,2022-10-30
1029,Vulture,RÃ¼ppell's,Gyps,rueppelli,4.4005,465,2022-10-30,1.1604,267,2022-10-21
107,Vulture,White-backed,Gyps,africanus,9.0092,952,2022-11-09,2.1426,493,2022-11-09
109,Vulture,White-headed,Trigonoceps,occipitalis,0.7003,74,2022-10-03,0.2695,62,2022-10-20
685,Wagtail,"African Pied",Motacilla,aguimp,41.7716,4414,2022-11-09,12.7820,2941,2022-11-11
686,Wagtail,Cape,Motacilla,capensis,2.7822,294,2022-11-03,0.5867,135,2022-10-28
690,Wagtail,Grey,Motacilla,cinerea,0.4259,45,2022-11-05,0.0869,20,2022-02-17
688,Wagtail,Mountain,Motacilla,clara,3.5772,378,2022-11-09,0.7258,167,2022-11-09
689,Wagtail,"Western Yellow",Motacilla,flava,9.4350,997,2022-11-09,1.8254,420,2022-11-09
3816,Wagtail,White,Motacilla,alba,0.0662,7,2022-02-25,0.0087,2,2018-01-20
606,Warbler,"African Reed",Acrocephalus,baeticatus,0.3975,42,2022-06-29,0.0391,9,2022-07-26
666,Warbler,"African Yellow ",Iduna,natalensis,6.0471,639,2022-11-09,0.5998,138,2022-11-09
605,Warbler,Barred,Curruca,nisoria,0.4164,44,2021-12-07,0.0695,16,2022-04-06
949,Warbler,"Basra Reed ",Acrocephalus,griseldis,0.2177,23,2021-12-07,0.0217,5,2021-12-03
1114,Warbler,"Black-faced Rufous",Bathmocercus,rufus,0.6624,70,2022-11-08,0.1173,27,2022-10-14
3382,Warbler,"Brown Woodland",Phylloscopus,umbrovirens,1.9968,211,2022-11-05,0.2825,65,2022-09-05
3176,Warbler,Buff-bellied,Phyllolais,pulchella,5.8768,621,2022-11-09,0.7649,176,2022-10-27
1107,Warbler,"Cinnamon Bracken",Bradypterus,cinnamomeus,2.6781,283,2022-11-05,0.7693,177,2022-10-08
3278,Warbler,"Eastern Olivaceous",Iduna,pallida,1.7791,188,2022-10-27,0.1478,34,2022-04-11
911,Warbler,"Eurasian Reed",Acrocephalus,scirpaceus,0.3218,34,2022-01-15,0.0565,13,2022-08-14
1106,Warbler,"Evergreen Forest",Bradypterus,lopezi,0.1420,15,2016-11-06,0.0217,5,2021-11-07
652,Warbler,"Evergreen Forest",Bradypterus,lopezi,0.2744,29,2022-10-05,0.0391,9,2022-09-20
595,Warbler,Garden,Sylvia,borin,1.1167,118,2022-04-09,0.0913,21,2022-03-20
603,Warbler,"Great Reed ",Acrocephalus,arundinaceus,0.2177,23,2022-04-26,0.0217,5,2021-11-10
912,Warbler,"Greater Swamp",Acrocephalus,rufescens,0.1703,18,2022-08-27,0.0435,10,2022-10-12
3170,Warbler,Grey-capped,Eminia,lepida,15.3307,1620,2022-11-09,2.7163,625,2022-10-28
596,Warbler,Icterine,Hippolais,icterina,0.0095,1,2017-03-26,0.0130,3,2021-03-28
604,Warbler,"Lesser Swamp ",Acrocephalus,gracilirostris,4.2018,444,2022-11-09,0.4042,93,2022-11-09
609,Warbler,"Little Rush",Bradypterus,baboecala,2.3280,246,2022-07-13,0.1825,42,2022-07-07
607,Warbler,Marsh,Acrocephalus,palustris,0.8328,88,2022-11-04,0.1391,32,2021-12-15
471,Warbler,"Mountain Yellow",Iduna,similis,0.7571,80,2022-09-04,0.1738,40,2022-05-17
3228,Warbler,Moustached,Acrocephalus,melanopogon,0.0568,6,2021-11-25,0.0043,1,2021-10-27
617,Warbler,"Moustached Grass",Melocichla,mentalis,2.6971,285,2022-10-04,0.2695,62,2022-05-29
597,Warbler,Olive-tree,Hippolais,olivetorum,0.3596,38,2022-04-04,0.0217,5,2021-12-03
1067,Warbler,"Papyrus Yellow",Calamonastides,gracilirostris,0.0189,2,2019-10-03,0.0043,1,2020-12-21
598,Warbler,River,Locustella,fluviatilis,0.3028,32,2021-12-09,0.0261,6,2021-12-06
608,Warbler,Sedge,Acrocephalus,schoenobaenus,0.5962,63,2021-12-09,0.0522,12,2022-05-04
3370,Warbler,"Uganda Woodland",Phylloscopus,budongoensis,0.6814,72,2022-10-22,0.1434,33,2022-10-14
3276,Warbler,Upcher's,Hippolais,languida,0.4069,43,2022-02-22,0.0652,15,2021-12-03
1064,Warbler,"White-winged Swamp",Bradypterus,carpalis,0.1703,18,2021-11-30,0.0217,5,2020-11-22
599,Warbler,Willow,Phylloscopus,trochilus,11.1290,1176,2022-11-09,1.3082,301,2022-11-09
947,Warbler,Wood,Phylloscopus,sibilatrix,0.0000,0,-,0.0043,1,2005-03-25
671,Warbler,"Yellow-throated Woodland",Phylloscopus,ruficapilla,0.1514,16,2022-07-02,0.0782,18,2022-07-10
677,Wattle-eye,Black-throated,Platysteira,peltata,3.8232,404,2022-10-28,0.3607,83,2022-10-18
1148,Wattle-eye,Brown-throated,Platysteira,cyanea,1.6656,176,2022-11-08,0.1956,45,2022-10-27
2398,Wattle-eye,Chestnut,Platysteira,castanea,0.1893,20,2022-10-22,0.0261,6,2021-08-11
2404,Wattle-eye,Jameson's,Platysteira,jamesoni,0.0852,9,2019-02-06,0.0043,1,2016-10-02
1125,Wattle-eye,Yellow-bellied,Platysteira,concreta,0.0946,10,2022-10-22,0.0261,6,2021-08-11
3734,Waxbill,"Black-cheeked ",Brunhilda,charmosyna,0.8139,86,2022-10-06,0.0826,19,2022-10-08
1129,Waxbill,Black-crowned,Estrilda,nonnula,0.2744,29,2022-10-07,0.0348,8,2022-04-24
841,Waxbill,Black-faced,Brunhilda,erythronotos,1.7981,190,2022-10-08,0.1912,44,2022-10-05
3744,Waxbill,Black-rumped,Estrilda,troglodytes,0.1703,18,2022-07-30,0.0000,0,-
843,Waxbill,Common,Estrilda,astrild,15.1131,1597,2022-11-09,2.4078,554,2022-11-09
817,Waxbill,Crimson-rumped,Estrilda,rhodopyga,4.1923,443,2022-10-25,0.6780,156,2022-10-26
1090,Waxbill,Fawn-breasted,Estrilda,paludicola,0.0284,3,2020-12-19,0.0000,0,-
3740,Waxbill,Kandt's,Estrilda,kandti,0.1041,11,2022-01-21,0.0217,5,2021-08-04
838,Waxbill,Orange-breasted,Amandava,subflava,0.6908,73,2022-10-25,0.0261,6,2021-08-27
826,Waxbill,Yellow-bellied,Coccopygia,quartinia,2.8201,298,2022-11-05,0.4520,104,2022-09-20
476,Weaver,Baglafecht,Ploceus,baglafecht,31.4470,3323,2022-11-08,8.8791,2043,2022-11-11
1151,Weaver,Black-billed,Ploceus,melanogaster,0.6719,71,2022-11-08,0.1347,31,2021-11-21
3954,Weaver,"Black-capped Social ",Pseudonigrita,cabanisi,1.9116,202,2022-10-09,0.7736,178,2022-10-21
3922,Weaver,"Black-headed ",Ploceus,melanocephalus,1.0883,115,2022-10-21,0.1260,29,2022-11-05
1187,Weaver,Black-necked,Ploceus,nigricollis,3.5961,380,2022-10-22,0.6128,141,2022-10-08
1150,Weaver,Brown-capped,Ploceus,insignis,1.6845,178,2022-11-08,0.1869,43,2022-10-14
796,Weaver,Chestnut,Ploceus,rubiginosus,5.9809,632,2022-11-05,1.0822,249,2022-10-18
3912,Weaver,Clarke's,Ploceus,golandi,0.2460,26,2022-02-24,0.0739,17,2022-08-21
3830,Weaver,Compact,Ploceus,superciliosus,0.0189,2,2022-01-08,0.0043,1,2021-11-10
790,Weaver,Dark-backed,Ploceus,bicolor,2.5362,268,2022-11-08,0.4172,96,2022-10-15
801,Weaver,Golden,Ploceus,xanthops,10.3435,1093,2022-11-09,1.3864,319,2022-11-09
3898,Weaver,"Golden Palm",Ploceus,bojeri,8.7253,922,2022-10-27,1.2734,293,2022-10-26
3916,Weaver,Golden-backed,Ploceus,jacksoni,3.0567,323,2022-10-25,0.3955,91,2022-10-18
3952,Weaver,"Grey-headed Social ",Pseudonigrita,arnaudi,6.1039,645,2022-10-29,1.3473,310,2022-10-13
3914,Weaver,"Heuglin's Masked ",Ploceus,heuglini,0.0568,6,2022-07-15,0.0043,1,2022-09-02
792,Weaver,"Lesser Masked",Ploceus,intermedius,7.8830,833,2022-10-27,1.3516,311,2022-10-30
3918,Weaver,Little,Ploceus,luteolus,1.0883,115,2022-10-01,0.1999,46,2022-10-12
3904,Weaver,"Northern Brown-throated",Ploceus,castanops,0.4732,50,2022-02-28,0.0304,7,2021-08-15
3940,Weaver,"Northern Masked ",Ploceus,taeniopterus,0.5205,55,2022-10-01,0.0956,22,2022-10-08
779,Weaver,"Red-billed Buffalo",Bubalornis,niger,6.1702,652,2022-11-03,2.5859,595,2022-10-20
793,Weaver,Red-headed,Anaplectes,rubriceps,7.3909,781,2022-11-05,0.9692,223,2022-10-28
3910,Weaver,Rueppell's,Ploceus,galbula,0.0095,1,2016-09-02,0.0000,0,-
3766,Weaver,Rufous-tailed,Histurgops,ruficauda,0.0379,4,2021-08-29,0.0043,1,2020-10-17
1065,Weaver,Slender-billed,Ploceus,pelzelni,0.8233,87,2022-08-27,0.0565,13,2022-07-12
3972,Weaver,Speckle-fronted,Sporopipes,frontalis,4.7885,506,2022-10-28,0.7432,171,2022-11-05
791,Weaver,Spectacled,Ploceus,ocularis,16.2866,1721,2022-11-05,2.1426,493,2022-11-09
3934,Weaver,Speke's,Ploceus,spekei,15.5106,1639,2022-11-09,3.5508,817,2022-11-09
3902,Weaver,"Taveta Golden",Ploceus,castaneiceps,0.3880,41,2022-10-23,0.0608,14,2022-10-04
804,Weaver,Thick-billed,Amblyospiza,albifrons,11.2993,1194,2022-11-04,1.0778,248,2022-11-05
1152,Weaver,"Vieillot's Black",Ploceus,nigerrimus,0.5867,62,2022-11-08,0.0652,15,2021-08-11
797,Weaver,Village,Ploceus,cucullatus,23.8194,2517,2022-11-09,4.7155,1085,2022-10-26
1153,Weaver,"Vitelline Masked ",Ploceus,vitellinus,5.5266,584,2022-11-05,0.8823,203,2022-10-12
3718,Weaver,"White-billed Buffalo",Bubalornis,albirostris,0.3312,35,2022-09-02,0.1478,34,2022-10-08
3730,Weaver,"White-headed Buffalo",Dinemellia,dinemelli,9.9082,1047,2022-11-03,3.2900,757,2022-11-01
800,Weaver,Yellow,Ploceus,subaureus,4.6655,493,2022-11-09,0.4911,113,2022-11-09
2682,Wheatear,Abyssinian,Oenanthe,lugubris,1.2208,129,2022-11-05,0.4955,114,2022-10-16
568,Wheatear,Capped,Oenanthe,pileata,0.8990,95,2022-05-13,0.3738,86,2022-09-17
2670,Wheatear,Desert,Oenanthe,deserti,0.0095,1,2018-02-05,0.0000,0,-
2664,Wheatear,Heuglin's,Oenanthe,heuglinii,0.0662,7,2022-05-06,0.0043,1,2022-05-01
1010,Wheatear,Isabelline,Oenanthe,isabellina,4.0125,424,2022-11-03,1.0691,246,2022-10-09
563,Wheatear,Northern,Oenanthe,oenanthe,7.1070,751,2022-11-09,1.7819,410,2022-10-28
1023,Wheatear,Pied,Oenanthe,pleschanka,2.1482,227,2022-11-03,0.5607,129,2022-09-03
2690,Wheatear,Schalow's,Oenanthe,schalowi,0.8328,88,2022-01-28,0.0869,20,2018-03-08
268,Whimbrel,"Eurasian ",Numenius,phaeopus,4.7506,502,2022-10-21,0.9257,213,2022-10-27
10878,White-eye,Abyssinian,Zosterops,flavilateralis,5.7443,607,2022-10-21,0.8388,193,2022-07-14
3198,White-eye,Abyssinian,Zosterops,abyssinicus,0.0284,3,2022-10-30,0.0087,2,2022-10-05
3214,White-eye,Heuglin's,Zosterops,poliogastrus,6.7190,710,2022-10-04,0.9214,212,2022-10-01
3204,White-eye,Kulal,Zosterops,kulalensis,0.0189,2,2016-06-06,0.0000,0,-
10874,White-eye,"Northern Yellow",Zosterops,senegalensis,1.4479,153,2022-11-04,0.1738,40,2022-10-18
777,White-eye,"Northern Yellow",Zosterops,senegalensis,3.5299,373,2022-10-01,0.5433,125,2022-03-07
13633,White-eye,"Southern Yellow",Zosterops,anderssoni,0.9085,96,2021-12-25,0.0261,6,2021-07-14
3216,White-eye,Taita,Zosterops,silvanus,0.2177,23,2022-07-02,0.1521,35,2022-07-10
594,Whitethroat,Common,Curruca,communis,1.8643,197,2022-04-04,0.1565,36,2022-03-30
853,Whydah,"Broad-tailed Paradise ",Vidua,obtusa,0.0000,0,-,0.0043,1,2019-01-30
852,Whydah,"Long-tailed Paradise ",Vidua,paradisaea,2.1009,222,2022-10-07,0.7606,175,2022-10-08
846,Whydah,Pin-tailed,Vidua,macroura,17.2518,1823,2022-11-02,3.1987,736,2022-10-26
3992,Whydah,Steel-blue,Vidua,hypocherina,0.5583,59,2022-06-18,0.0869,20,2022-10-09
3990,Whydah,Straw-tailed,Vidua,fischeri,1.5425,163,2022-05-14,0.3868,89,2022-07-10
816,Widowbird,Fan-tailed,Euplectes,axillaris,2.0157,213,2022-11-04,0.4563,105,2022-09-19
3752,Widowbird,Jackson's,Euplectes,jacksoni,1.9684,208,2022-09-26,0.4911,113,2022-10-27
818,Widowbird,Long-tailed,Euplectes,progne,1.1451,121,2022-10-28,0.6085,140,2022-11-07
971,Widowbird,Marsh,Euplectes,hartlaubi,0.0095,1,2021-07-26,0.0000,0,-
813,Widowbird,Red-collared,Euplectes,ardens,5.2427,554,2022-11-09,1.0300,237,2022-11-09
814,Widowbird,White-winged,Euplectes,albonotatus,7.0029,740,2022-11-09,1.1300,260,2022-10-28
815,Widowbird,Yellow-mantled,Euplectes,macroura,0.6814,72,2022-07-22,0.1738,40,2022-10-27
1280,Wigeon,Eurasian,Mareca,penelope,0.0095,1,2015-01-05,0.0000,0,-
419,"Wood Hoopoe","Green ",Phoeniculus,purpureus,9.9934,1056,2022-10-22,2.0557,473,2022-11-07
420,"Wood Hoopoe","Violet ",Phoeniculus,damarensis,0.8896,94,2022-10-22,0.1347,31,2022-09-26
1516,"Wood Hoopoe","White-headed ",Phoeniculus,bollei,0.8706,92,2022-11-08,0.1652,38,2022-07-16
1406,Woodpecker,"African Grey",Dendropicos,goertae,0.2460,26,2018-01-14,0.0435,10,2021-02-21
1392,Woodpecker,"African Grey",Dendropicos,goertae,9.0092,952,2022-11-05,1.3299,306,2022-11-08
451,Woodpecker,Bearded,Chloropicus,namaquus,2.2996,243,2022-10-20,0.2955,68,2022-10-09
1410,Woodpecker,Brown-backed,Dendropicos,obsoletus,1.0788,114,2022-10-04,0.2390,55,2022-10-26
1368,Woodpecker,Brown-eared,Pardipicus,caroli,0.2082,22,2022-11-08,0.0130,3,2022-10-14
1188,Woodpecker,Buff-spotted,Pardipicus,nivosus,0.1041,11,2022-10-22,0.0174,4,2020-12-12
450,Woodpecker,Cardinal,Dendropicos,fuscescens,10.0785,1065,2022-11-08,1.2300,283,2022-10-28
1384,Woodpecker,"Eastern Grey",Dendropicos,spodocephalus,0.8422,89,2022-10-23,0.2130,49,2022-11-07
447,Woodpecker,Golden-tailed,Campethera,abingoni,0.2555,27,2022-11-05,0.0217,5,2021-07-10
449,Woodpecker,Green-backed,Campethera,cailliautii,0.2839,30,2022-10-28,0.0739,17,2022-09-26
1366,Woodpecker,Mombasa,Campethera,mombassica,2.7255,288,2022-10-29,0.6823,157,2022-09-24
1372,Woodpecker,Nubian,Campethera,nubica,21.4725,2269,2022-11-09,3.1031,714,2022-11-05
1394,Woodpecker,Speckle-breasted,Dendropicos,poecilolaemus,0.0000,0,-,0.0043,1,2019-09-28
1376,Woodpecker,"Tullberg's ",Campethera,tullbergi,0.8896,94,2022-10-05,0.1521,35,2022-06-27
1400,Woodpecker,Yellow-crested,Chloropicus,xantholophus,0.2839,30,2022-11-08,0.0391,9,2022-10-14
3090,Wren-Warbler,"Grey ",Calamonastes,simplex,6.6528,703,2022-11-03,1.5776,363,2022-11-01
3092,Wren-Warbler,"Miombo ",Calamonastes,undosus,0.1514,16,2022-10-20,0.0174,4,2022-02-13
1402,Wryneck,Eurasian,Jynx,torquilla,0.0095,1,2020-01-20,0.0043,1,2010-11-14
453,Wryneck,Red-throated,Jynx,ruficollis,1.6088,170,2022-11-09,0.3955,91,2022-11-09
